Tiempo,Humedad1,Humedad2
0000-01-00 00:00:00,0,0
0000-01-00 00:00:00,0,0
0000-01-00 00:00:00,0,0
0000-01-00 00:00:00,0,0
0000-01-00 00:00:00,0,0
0000-01-00 00:00:00,0,0
0000-01-00 00:00:00,0,0
0000-01-00 00:00:00,0,0
0000-01-00 00:00:00,0,0
0000-01-00 00:00:00,0,0
0000-01-00 00:00:00,0,0
0000-01-00 00:00:00,0,0
0000-01-00 00:00:00,0,0
0000-01-00 00:00:00,0,0
0000-01-00 00:00:00,0,0
0000-01-00 00:00:00,0,0
0000-01-00 00:00:00,0,0
0000-01-00 00:00:00,0,0
0000-01-00 00:00:00,0,0
0000-01-00 00:00:00,0,0
0000-01-00 00:00:00,0,0
0000-01-00 00:00:00,0,0
0000-01-00 00:00:00,0,0
0000-01-00 00:00:00,0,0
0000-01-00 00:00:00,0,0
0000-01-00 00:00:00,0,0
0000-01-00 00:00:00,0,0
0000-01-00 00:00:00,0,0
0000-01-00 00:00:00,0,0
0000-01-00 00:00:00,0,0
0000-01-00 00:00:00,0,0
0000-01-00 00:00:00,0,0
0000-01-00 00:00:00,0,0
0000-01-00 00:00:00,0,0
0000-01-00 00:00:00,0,0
0000-01-00 00:00:00,0,0
0000-01-00 00:00:00,0,0
0000-01-00 00:00:00,0,0
0000-01-00 00:00:00,0,0
0000-01-00 00:00:00,0,0
0000-01-00 00:00:00,0,0
0000-01-00 00:00:00,0,0
0000-01-00 00:00:00,0,0
0000-01-00 00:00:00,0,0
0000-01-00 00:00:00,0,0
0000-01-00 00:00:00,0,0
0000-01-00 00:00:00,0,0
0000-01-00 00:00:00,0,0
0000-01-00 00:00:00,0,0
0000-01-00 00:00:00,0,0
0000-01-00 00:00:00,0,0
0000-01-00 00:00:00,0,0
0000-01-00 00:00:00,0,0
0000-01-00 00:00:00,0,0
0000-01-00 00:00:00,0,0
0000-01-00 00:00:00,0,0
0000-01-00 00:00:00,0,0
0000-01-00 00:00:00,0,0
0000-01-00 00:00:00,0,0
0000-01-00 00:00:00,0,0
0000-01-00 00:00:00,0,0
0000-01-00 00:00:00,0,0
0000-01-00 00:00:00,0,0
0000-01-00 00:00:00,0,0
0000-01-00 00:00:00,0,0
0000-01-00 00:00:00,0,0
0000-01-00 00:00:00,0,0
0000-01-00 00:00:00,0,0
0000-01-00 00:00:00,0,0
0000-01-00 00:00:00,0,0
0000-01-00 00:00:00,0,0
0000-01-00 00:00:00,0,0
0000-01-00 00:00:00,0,0
0000-01-00 00:00:00,0,0
0000-01-00 00:00:00,0,0
0000-01-00 00:00:00,0,0
0000-01-00 00:00:00,0,0
0000-01-00 00:00:00,0,0
0000-01-00 00:00:00,0,0
0000-01-00 00:00:00,0,0
0000-01-00 00:00:00,0,0
0000-01-00 00:00:00,0,0
0000-01-00 00:00:00,0,0
0000-01-00 00:00:00,0,0
0000-01-00 00:00:00,0,0
0000-01-00 00:00:00,0,0
0000-01-00 00:00:00,0,0
0000-01-00 00:00:00,0,0
0000-01-00 00:00:00,0,0
0000-01-00 00:00:00,0,0
0000-01-00 00:00:00,0,0
0000-01-00 00:00:00,0,0
0000-01-00 00:00:00,0,0
0000-01-00 00:00:00,0,0
0000-01-00 00:00:00,0,0
0000-01-00 00:00:00,0,0
0000-01-00 00:00:00,0,0
0000-01-00 00:00:00,0,0
0000-01-00 00:00:00,0,0
0000-01-00 00:00:00,0,0
0000-01-00 00:00:00,0,0
0000-01-00 00:00:00,0,0
0000-01-00 00:00:00,0,0
0000-01-00 00:00:00,0,0
0000-01-00 00:00:00,0,0
0000-01-00 00:00:00,0,0
0000-01-00 00:00:00,0,0
0000-01-00 00:00:00,0,0
0000-01-00 00:00:00,0,0
0000-01-00 00:00:00,0,0
0000-01-00 00:00:00,0,0
0000-01-00 00:00:00,0,0
0000-01-00 00:00:00,0,0
0000-01-00 00:00:00,0,0
0000-01-00 00:00:00,0,0
0000-01-00 00:00:00,0,0
0000-01-00 00:00:00,0,0
0000-01-00 00:00:00,0,0
0000-01-00 00:00:00,0,0
0000-01-00 00:00:00,0,0
0000-01-00 00:00:00,0,0
0000-01-00 00:00:00,0,0
0000-01-00 00:00:00,0,0
0000-01-00 00:00:00,0,0
0000-01-00 00:00:00,0,0
0000-01-00 00:00:00,0,0
0000-01-00 00:00:00,0,0
0000-01-00 00:00:00,0,0
0000-01-00 00:00:00,0,0
0000-01-00 00:00:00,0,0
0000-01-00 00:00:00,0,0
0000-01-00 00:00:00,0,0
0000-01-00 00:00:00,0,0
0000-01-00 00:00:00,0,0
0000-01-00 00:00:00,0,0
0000-01-00 00:00:00,0,0
0000-01-00 00:00:00,0,0
0000-01-00 00:00:00,0,0
0000-01-00 00:00:00,0,0
0000-01-00 00:00:00,0,0
0000-01-00 00:00:00,0,0
0000-01-00 00:00:00,0,0
0000-01-00 00:00:00,0,0
0000-01-00 00:00:00,0,0
0000-01-00 00:00:00,0,0
0000-01-00 00:00:00,0,0
0000-01-00 00:00:00,0,0
0000-01-00 00:00:00,0,0
0000-01-00 00:00:00,0,0
0000-01-00 00:00:00,0,0
0000-01-00 00:00:00,0,0
0000-01-00 00:00:00,0,0
0000-01-00 00:00:00,0,0
0000-01-00 00:00:00,0,0
0000-01-00 00:00:00,0,0
0000-01-00 00:00:00,0,0
0000-01-00 00:00:00,0,0
0000-01-00 00:00:00,0,0
0000-01-00 00:00:00,0,0
0000-01-00 00:00:00,0,0
0000-01-00 00:00:00,0,0
0000-01-00 00:00:00,0,0
0000-01-00 00:00:00,0,0
0000-01-00 00:00:00,0,0
0000-01-00 00:00:00,0,0
0000-01-00 00:00:00,0,0
0000-01-00 00:00:00,0,0
0000-01-00 00:00:00,0,0
0000-01-00 00:00:00,0,0
0000-01-00 00:00:00,0,0
0000-01-00 00:00:00,0,0
0000-01-00 00:00:00,0,0
0000-01-00 00:00:00,0,0
0000-01-00 00:00:00,0,0
0000-01-00 00:00:00,0,0
0000-01-00 00:00:00,0,0
0000-01-00 00:00:00,0,0
0000-01-00 00:00:00,0,0
0000-01-00 00:00:00,0,0
0000-01-00 00:00:00,0,0
0000-01-00 00:00:00,0,0
0000-01-00 00:00:00,0,0
0000-01-00 00:00:00,0,0
0000-01-00 00:00:00,0,0
0000-01-00 00:00:00,0,0
0000-01-00 00:00:00,0,0
0000-01-00 00:00:00,0,0
0000-01-00 00:00:00,0,0
0000-01-00 00:00:00,0,0
0000-01-00 00:00:00,0,0
0000-01-00 00:00:00,0,0
0000-01-00 00:00:00,0,0
0000-01-00 00:00:00,0,0
0000-01-00 00:00:00,0,0
0000-01-00 00:00:00,0,0
0000-01-00 00:00:00,0,0
0000-01-00 00:00:00,0,0
0000-01-00 00:00:00,0,0
0000-01-00 00:00:00,0,0
0000-01-00 00:00:00,0,0
0000-01-00 00:00:00,0,0
0000-01-00 00:00:00,0,0
0000-01-00 00:00:00,0,0
0000-01-00 00:00:00,0,0
0000-01-00 00:00:00,0,0
0000-01-00 00:00:00,0,0
0000-01-00 00:00:00,0,0
0000-01-00 00:00:00,0,0
0000-01-00 00:00:00,0,0
0000-01-00 00:00:00,0,0
0000-01-00 00:00:00,0,0
0000-01-00 00:00:00,0,0
0000-01-00 00:00:00,0,0
0000-01-00 00:00:00,0,0
0000-01-00 00:00:00,0,0
0000-01-00 00:00:00,0,0
0000-01-00 00:00:00,0,0
0000-01-00 00:00:00,0,0
0000-01-00 00:00:00,0,0
0000-01-00 00:00:00,0,0
0000-01-00 00:00:00,0,0
0000-01-00 00:00:00,0,0
0000-01-00 00:00:00,0,0
0000-01-00 00:00:00,0,0
0000-01-00 00:00:00,0,0
0000-01-00 00:00:00,0,0
0000-01-00 00:00:00,0,0
0000-01-00 00:00:00,0,0
0000-01-00 00:00:00,0,0
0000-01-00 00:00:00,0,0
0000-01-00 00:00:00,0,0
0000-01-00 00:00:00,0,0
0000-01-00 00:00:00,0,0
0000-01-00 00:00:00,0,0
0000-01-00 00:00:00,0,0
0000-01-00 00:00:00,0,0
0000-01-00 00:00:00,0,0
0000-01-00 00:00:00,0,0
0000-01-00 00:00:00,0,0
0000-01-00 00:00:00,0,0
0000-01-00 00:00:00,0,0
0000-01-00 00:00:00,0,0
0000-01-00 00:00:00,0,0
0000-01-00 00:00:00,0,0
0000-01-00 00:00:00,0,0
0000-01-00 00:00:00,0,0
0000-01-00 00:00:00,0,0
0000-01-00 00:00:00,0,0
0000-01-00 00:00:00,0,0
0000-01-00 00:00:00,0,0
0000-01-00 00:00:00,0,0
0000-01-00 00:00:00,0,0
0000-01-00 00:00:00,0,0
0000-01-00 00:00:00,0,0
0000-01-00 00:00:00,0,0
0000-01-00 00:00:00,0,0
0000-01-00 00:00:00,0,0
0000-01-00 00:00:00,0,0
0000-01-00 00:00:00,0,0
0000-01-00 00:00:00,0,0
0000-01-00 00:00:00,0,0
0000-01-00 00:00:00,0,0
0000-01-00 00:00:00,0,0
0000-01-00 00:00:00,0,0
0000-01-00 00:00:00,0,0
0000-01-00 00:00:00,0,0
0000-01-00 00:00:00,0,0
0000-01-00 00:00:00,0,0
0000-01-00 00:00:00,0,0
0000-01-00 00:00:00,0,0
0000-01-00 00:00:00,0,0
0000-01-00 00:00:00,0,0
0000-01-00 00:00:00,0,0
0000-01-00 00:00:00,0,0
0000-01-00 00:00:00,0,0
0000-01-00 00:00:00,0,0
0000-01-00 00:00:00,0,0
0000-01-00 00:00:00,0,0
0000-01-00 00:00:00,0,0
0000-01-00 00:00:00,0,0
0000-01-00 00:00:00,0,0
0000-01-00 00:00:00,0,0
0000-01-00 00:00:00,0,0
0000-01-00 00:00:00,0,0
0000-01-00 00:00:00,0,0
0000-01-00 00:00:00,0,0
0000-01-00 00:00:00,0,0
0000-01-00 00:00:00,0,0
0000-01-00 00:00:00,0,0
0000-01-00 00:00:00,0,0
0000-01-00 00:00:00,0,0
0000-01-00 00:00:00,0,0
0000-01-00 00:00:00,0,0
0000-01-00 00:00:00,0,0
0000-01-00 00:00:00,0,0
0000-01-00 00:00:00,0,0
0000-01-00 00:00:00,0,0
0000-01-00 00:00:00,0,0
0000-01-00 00:00:00,0,0
0000-01-00 00:00:00,0,0
0000-01-00 00:00:00,0,0
0000-01-00 00:00:00,0,0
0000-01-00 00:00:00,0,0
0000-01-00 00:00:00,0,0
0000-01-00 00:00:00,0,0
0000-01-00 00:00:00,0,0
0000-01-00 00:00:00,0,0
0000-01-00 00:00:00,0,0
0000-01-00 00:00:00,0,0
0000-01-00 00:00:00,0,0
0000-01-00 00:00:00,0,0
0000-01-00 00:00:00,0,0
0000-01-00 00:00:00,0,0
0000-01-00 00:00:00,0,0
0000-01-00 00:00:00,0,0
0000-01-00 00:00:00,0,0
0000-01-00 00:00:00,0,0
0000-01-00 00:00:00,0,0
0000-01-00 00:00:00,0,0
0000-01-00 00:00:00,0,0
0000-01-00 00:00:00,0,0
0000-01-00 00:00:00,0,0
0000-01-00 00:00:00,0,0
0000-01-00 00:00:00,0,0
0000-01-00 00:00:00,0,0
0000-01-00 00:00:00,0,0
0000-01-00 00:00:00,0,0
0000-01-00 00:00:00,0,0
0000-01-00 00:00:00,0,0
0000-01-00 00:00:00,0,0
0000-01-00 00:00:00,0,0
0000-01-00 00:00:00,0,0
0000-01-00 00:00:00,0,0
0000-01-00 00:00:00,0,0
0000-01-00 00:00:00,0,0
0000-01-00 00:00:00,0,0
0000-01-00 00:00:00,0,0
0000-01-00 00:00:00,0,0
0000-01-00 00:00:00,0,0
0000-01-00 00:00:00,0,0
0000-01-00 00:00:00,0,0
0000-01-00 00:00:00,0,0
0000-01-00 00:00:00,0,0
0000-01-00 00:00:00,0,0
0000-01-00 00:00:00,0,0
0000-01-00 00:00:00,0,0
0000-01-00 00:00:00,0,0
0000-01-00 00:00:00,0,0
0000-01-00 00:00:00,0,0
0000-01-00 00:00:00,0,0
0000-01-00 00:00:00,0,0
0000-01-00 00:00:00,0,0
0000-01-00 00:00:00,0,0
0000-01-00 00:00:00,0,0
0000-01-00 00:00:00,0,0
0000-01-00 00:00:00,0,0
0000-01-00 00:00:00,0,0
0000-01-00 00:00:00,0,0
0000-01-00 00:00:00,0,0
0000-01-00 00:00:00,0,0
0000-01-00 00:00:00,0,0
0000-01-00 00:00:00,0,0
0000-01-00 00:00:00,0,0
0000-01-00 00:00:00,0,0
0000-01-00 00:00:00,0,0
0000-01-00 00:00:00,0,0
0000-01-00 00:00:00,0,0
0000-01-00 00:00:00,0,0
0000-01-00 00:00:00,0,0
0000-01-00 00:00:00,0,0
0000-01-00 00:00:00,0,0
0000-01-00 00:00:00,0,0
0000-01-00 00:00:00,0,0
0000-01-00 00:00:00,0,0
0000-01-00 00:00:00,0,0
0000-01-00 00:00:00,0,0
0000-01-00 00:00:00,0,0
0000-01-00 00:00:00,0,0
0000-01-00 00:00:00,0,0
0000-01-00 00:00:00,0,0
0000-01-00 00:00:00,0,0
0000-01-00 00:00:00,0,0
0000-01-00 00:00:00,0,0
0000-01-00 00:00:00,0,0
0000-01-00 00:00:00,0,0
0000-01-00 00:00:00,0,0
0000-01-00 00:00:00,0,0
0000-01-00 00:00:00,0,0
0000-01-00 00:00:00,0,0
0000-01-00 00:00:00,0,0
0000-01-00 00:00:00,0,0
0000-01-00 00:00:00,0,0
0000-01-00 00:00:00,0,0
0000-01-00 00:00:00,0,0
0000-01-00 00:00:00,0,0
0000-01-00 00:00:00,0,0
0000-01-00 00:00:00,0,0
0000-01-00 00:00:00,0,0
0000-01-00 00:00:00,0,0
0000-01-00 00:00:00,0,0
0000-01-00 00:00:00,0,0
0000-01-00 00:00:00,0,0
0000-01-00 00:00:00,0,0
0000-01-00 00:00:00,0,0
0000-01-00 00:00:00,0,0
0000-01-00 00:00:00,0,0
0000-01-00 00:00:00,0,0
0000-01-00 00:00:00,0,0
0000-01-00 00:00:00,0,0
0000-01-00 00:00:00,0,0
0000-01-00 00:00:00,0,0
0000-01-00 00:00:00,0,0
0000-01-00 00:00:00,0,0
0000-01-00 00:00:00,0,0
0000-01-00 00:00:00,0,0
0000-01-00 00:00:00,0,0
0000-01-00 00:00:00,0,0
0000-01-00 00:00:00,0,0
0000-01-00 00:00:00,0,0
0000-01-00 00:00:00,0,0
0000-01-00 00:00:00,0,0
0000-01-00 00:00:00,0,0
0000-01-00 00:00:00,0,0
0000-01-00 00:00:00,0,0
0000-01-00 00:00:00,0,0
0000-01-00 00:00:00,0,0
0000-01-00 00:00:00,0,0
0000-01-00 00:00:00,0,0
0000-01-00 00:00:00,0,0
0000-01-00 00:00:00,0,0
0000-01-00 00:00:00,0,0
0000-01-00 00:00:00,0,0
0000-01-00 00:00:00,0,0
0000-01-00 00:00:00,0,0
0000-01-00 00:00:00,0,0
0000-01-00 00:00:00,0,0
0000-01-00 00:00:00,0,0
0000-01-00 00:00:00,0,0
0000-01-00 00:00:00,0,0
0000-01-00 00:00:00,0,0
0000-01-00 00:00:00,0,0
0000-01-00 00:00:00,0,0
0000-01-00 00:00:00,0,0
0000-01-00 00:00:00,0,0
0000-01-00 00:00:00,0,0
0000-01-00 00:00:00,0,0
0000-01-00 00:00:00,0,0
0000-01-00 00:00:00,0,0
0000-01-00 00:00:00,0,0
0000-01-00 00:00:00,0,0
0000-01-00 00:00:00,0,0
0000-01-00 00:00:00,0,0
0000-01-00 00:00:00,0,0
0000-01-00 00:00:00,0,0
0000-01-00 00:00:00,0,0
0000-01-00 00:00:00,0,0
0000-01-00 00:00:00,0,0
0000-01-00 00:00:00,0,0
0000-01-00 00:00:00,0,0
0000-01-00 00:00:00,0,0
0000-01-00 00:00:00,0,0
0000-01-00 00:00:00,0,0
0000-01-00 00:00:00,0,0
0000-01-00 00:00:00,0,0
0000-01-00 00:00:00,0,0
0000-01-00 00:00:00,0,0
0000-01-00 00:00:00,0,0
0000-01-00 00:00:00,0,0
0000-01-00 00:00:00,0,0
0000-01-00 00:00:00,0,0
0000-01-00 00:00:00,0,0
0000-01-00 00:00:00,0,0
0000-01-00 00:00:00,0,0
0000-01-00 00:00:00,0,0
0000-01-00 00:00:00,0,0
0000-01-00 00:00:00,0,0
0000-01-00 00:00:00,0,0
0000-01-00 00:00:00,0,0
0000-01-00 00:00:00,0,0
0000-01-00 00:00:00,0,0
0000-01-00 00:00:00,0,0
0000-01-00 00:00:00,0,0
0000-01-00 00:00:00,0,0
0000-01-00 00:00:00,0,0
0000-01-00 00:00:00,0,0
0000-01-00 00:00:00,0,0
0000-01-00 00:00:00,0,0
0000-01-00 00:00:00,0,0
0000-01-00 00:00:00,0,0
0000-01-00 00:00:00,0,0
0000-01-00 00:00:00,0,0
0000-01-00 00:00:00,0,0
0000-01-00 00:00:00,0,0
0000-01-00 00:00:00,0,0
0000-01-00 00:00:00,0,0
0000-01-00 00:00:00,0,0
0000-01-00 00:00:00,0,0
0000-01-00 00:00:00,0,0
0000-01-00 00:00:00,0,0
0000-01-00 00:00:00,0,0
0000-01-00 00:00:00,0,0
0000-01-00 00:00:00,0,0
0000-01-00 00:00:00,0,0
0000-01-00 00:00:00,0,0
0000-01-00 00:00:00,0,0
0000-01-00 00:00:00,0,0
0000-01-00 00:00:00,0,0
0000-01-00 00:00:00,0,0
0000-01-00 00:00:00,0,0
0000-01-00 00:00:00,0,0
0000-01-00 00:00:00,0,0
0000-01-00 00:00:00,0,0
0000-01-00 00:00:00,0,0
0000-01-00 00:00:00,0,0
0000-01-00 00:00:00,0,0
0000-01-00 00:00:00,0,0
0000-01-00 00:00:00,0,0
0000-01-00 00:00:00,0,0
0000-01-00 00:00:00,0,0
0000-01-00 00:00:00,0,0
0000-01-00 00:00:00,0,0
0000-01-00 00:00:00,0,0
0000-01-00 00:00:00,0,0
0000-01-00 00:00:00,0,0
0000-01-00 00:00:00,0,0
0000-01-00 00:00:00,0,0
0000-01-00 00:00:00,0,0
0000-01-00 00:00:00,0,0
0000-01-00 00:00:00,0,0
0000-01-00 00:00:00,0,0
0000-01-00 00:00:00,0,0
0000-01-00 00:00:00,0,0
0000-01-00 00:00:00,0,0
0000-01-00 00:00:00,0,0
0000-01-00 00:00:00,0,0
0000-01-00 00:00:00,0,0
0000-01-00 00:00:00,0,0
0000-01-00 00:00:00,0,0
0000-01-00 00:00:00,0,0
0000-01-00 00:00:00,0,0
0000-01-00 00:00:00,0,0
0000-01-00 00:00:00,0,0
0000-01-00 00:00:00,0,0
0000-01-00 00:00:00,0,0
0000-01-00 00:00:00,0,0
0000-01-00 00:00:00,0,0
0000-01-00 00:00:00,0,0
0000-01-00 00:00:00,0,0
0000-01-00 00:00:00,0,0
0000-01-00 00:00:00,0,0
0000-01-00 00:00:00,0,0
0000-01-00 00:00:00,0,0
0000-01-00 00:00:00,0,0
0000-01-00 00:00:00,0,0
0000-01-00 00:00:00,0,0
0000-01-00 00:00:00,0,0
0000-01-00 00:00:00,0,0
0000-01-00 00:00:00,0,0
0000-01-00 00:00:00,0,0
0000-01-00 00:00:00,0,0
0000-01-00 00:00:00,0,0
0000-01-00 00:00:00,0,0
0000-01-00 00:00:00,0,0
0000-01-00 00:00:00,0,0
0000-01-00 00:00:00,0,0
0000-01-00 00:00:00,0,0
0000-01-00 00:00:00,0,0
0000-01-00 00:00:00,0,0
0000-01-00 00:00:00,0,0
0000-01-00 00:00:00,0,0
0000-01-00 00:00:00,0,0
0000-01-00 00:00:00,0,0
0000-01-00 00:00:00,0,0
0000-01-00 00:00:00,0,0
0000-01-00 00:00:00,0,0
0000-01-00 00:00:00,0,0
0000-01-00 00:00:00,0,0
0000-01-00 00:00:00,0,0
0000-01-00 00:00:00,0,0
0000-01-00 00:00:00,0,0
0000-01-00 00:00:00,0,0
0000-01-00 00:00:00,0,0
0000-01-00 00:00:00,0,0
0000-01-00 00:00:00,0,0
0000-01-00 00:00:00,0,0
0000-01-00 00:00:00,0,0
0000-01-00 00:00:00,0,0
0000-01-00 00:00:00,0,0
0000-01-00 00:00:00,0,0
0000-01-00 00:00:00,0,0
0000-01-00 00:00:00,0,0
0000-01-00 00:00:00,0,0
0000-01-00 00:00:00,0,0
0000-01-00 00:00:00,0,0
0000-01-00 00:00:00,0,0
0000-01-00 00:00:00,0,0
0000-01-00 00:00:00,0,0
0000-01-00 00:00:00,0,0
0000-01-00 00:00:00,0,0
0000-01-00 00:00:00,0,0
0000-01-00 00:00:00,0,0
0000-01-00 00:00:00,0,0
0000-01-00 00:00:00,0,0
0000-01-00 00:00:00,0,0
0000-01-00 00:00:00,0,0
0000-01-00 00:00:00,0,0
0000-01-00 00:00:00,0,0
0000-01-00 00:00:00,0,0
0000-01-00 00:00:00,0,0
0000-01-00 00:00:00,0,0
0000-01-00 00:00:00,0,0
0000-01-00 00:00:00,0,0
0000-01-00 00:00:00,0,0
0000-01-00 00:00:00,0,0
0000-01-00 00:00:00,0,0
0000-01-00 00:00:00,0,0
0000-01-00 00:00:00,0,0
0000-01-00 00:00:00,0,0
0000-01-00 00:00:00,0,0
0000-01-00 00:00:00,0,0
0000-01-00 00:00:00,0,0
0000-01-00 00:00:00,0,0
0000-01-00 00:00:00,0,0
0000-01-00 00:00:00,0,0
0000-01-00 00:00:00,0,0
0000-01-00 00:00:00,0,0
0000-01-00 00:00:00,0,0
0000-01-00 00:00:00,0,0
0000-01-00 00:00:00,0,0
0000-01-00 00:00:00,0,0
0000-01-00 00:00:00,0,0
0000-01-00 00:00:00,0,0
0000-01-00 00:00:00,0,0
0000-01-00 00:00:00,0,0
0000-01-00 00:00:00,0,0
0000-01-00 00:00:00,0,0
0000-01-00 00:00:00,0,0
0000-01-00 00:00:00,0,0
0000-01-00 00:00:00,0,0
0000-01-00 00:00:00,0,0
0000-01-00 00:00:00,0,0
0000-01-00 00:00:00,0,0
0000-01-00 00:00:00,0,0
0000-01-00 00:00:00,0,0
0000-01-00 00:00:00,0,0
0000-01-00 00:00:00,0,0
0000-01-00 00:00:00,0,0
0000-01-00 00:00:00,0,0
0000-01-00 00:00:00,0,0
0000-01-00 00:00:00,0,0
0000-01-00 00:00:00,0,0
0000-01-00 00:00:00,0,0
0000-01-00 00:00:00,0,0
0000-01-00 00:00:00,0,0
0000-01-00 00:00:00,0,0
0000-01-00 00:00:00,0,0
0000-01-00 00:00:00,0,0
0000-01-00 00:00:00,0,0
0000-01-00 00:00:00,0,0
0000-01-00 00:00:00,0,0
0000-01-00 00:00:00,0,0
0000-01-00 00:00:00,0,0
0000-01-00 00:00:00,0,0
0000-01-00 00:00:00,0,0
0000-01-00 00:00:00,0,0
0000-01-00 00:00:00,0,0
0000-01-00 00:00:00,0,0
0000-01-00 00:00:00,0,0
0000-01-00 00:00:00,0,0
0000-01-00 00:00:00,0,0
0000-01-00 00:00:00,0,0
0000-01-00 00:00:00,0,0
0000-01-00 00:00:00,0,0
0000-01-00 00:00:00,0,0
0000-01-00 00:00:00,0,0
0000-01-00 00:00:00,0,0
0000-01-00 00:00:00,0,0
0000-01-00 00:00:00,0,0
0000-01-00 00:00:00,0,0
0000-01-00 00:00:00,0,0
0000-01-00 00:00:00,0,0
0000-01-00 00:00:00,0,0
0000-01-00 00:00:00,0,0
0000-01-00 00:00:00,0,0
0000-01-00 00:00:00,0,0
0000-01-00 00:00:00,0,0
0000-01-00 00:00:00,0,0
0000-01-00 00:00:00,0,0
0000-01-00 00:00:00,0,0
0000-01-00 00:00:00,0,0
0000-01-00 00:00:00,0,0
0000-01-00 00:00:00,0,0
0000-01-00 00:00:00,0,0
0000-01-00 00:00:00,0,0
0000-01-00 00:00:00,0,0
0000-01-00 00:00:00,0,0
0000-01-00 00:00:00,0,0
0000-01-00 00:00:00,0,0
0000-01-00 00:00:00,0,0
0000-01-00 00:00:00,0,0
0000-01-00 00:00:00,0,0
0000-01-00 00:00:00,0,0
0000-01-00 00:00:00,0,0
0000-01-00 00:00:00,0,0
0000-01-00 00:00:00,0,0
0000-01-00 00:00:00,0,0
0000-01-00 00:00:00,0,0
0000-01-00 00:00:00,0,0
0000-01-00 00:00:00,0,0
0000-01-00 00:00:00,0,0
0000-01-00 00:00:00,0,0
0000-01-00 00:00:00,0,0
0000-01-00 00:00:00,0,0
0000-01-00 00:00:00,0,0
0000-01-00 00:00:00,0,0
0000-01-00 00:00:00,0,0
0000-01-00 00:00:00,0,0
0000-01-00 00:00:00,0,0
0000-01-00 00:00:00,0,0
0000-01-00 00:00:00,0,0
0000-01-00 00:00:00,0,0
0000-01-00 00:00:00,0,0
0000-01-00 00:00:00,0,0
0000-01-00 00:00:00,0,0
0000-01-00 00:00:00,0,0
0000-01-00 00:00:00,0,0
0000-01-00 00:00:00,0,0
0000-01-00 00:00:00,0,0
0000-01-00 00:00:00,0,0
0000-01-00 00:00:00,0,0
0000-01-00 00:00:00,0,0
0000-01-00 00:00:00,0,0
0000-01-00 00:00:00,0,0
0000-01-00 00:00:00,0,0
0000-01-00 00:00:00,0,0
0000-01-00 00:00:00,0,0
0000-01-00 00:00:00,0,0
0000-01-00 00:00:00,0,0
0000-01-00 00:00:00,0,0
0000-01-00 00:00:00,0,0
0000-01-00 00:00:00,0,0
0000-01-00 00:00:00,0,0
0000-01-00 00:00:00,0,0
0000-01-00 00:00:00,0,0
0000-01-00 00:00:00,0,0
0000-01-00 00:00:00,0,0
0000-01-00 00:00:00,0,0
0000-01-00 00:00:00,0,0
0000-01-00 00:00:00,0,0
0000-01-00 00:00:00,0,0
0000-01-00 00:00:00,0,0
0000-01-00 00:00:00,0,0
0000-01-00 00:00:00,0,0
0000-01-00 00:00:00,0,0
0000-01-00 00:00:00,0,0
0000-01-00 00:00:00,0,0
0000-01-00 00:00:00,0,0
0000-01-00 00:00:00,0,0
0000-01-00 00:00:00,0,0
0000-01-00 00:00:00,0,0
0000-01-00 00:00:00,0,0
0000-01-00 00:00:00,0,0
0000-01-00 00:00:00,0,0
0000-01-00 00:00:00,0,0
0000-01-00 00:00:00,0,0
0000-01-00 00:00:00,0,0
0000-01-00 00:00:00,0,0
0000-01-00 00:00:00,0,0
0000-01-00 00:00:00,0,0
0000-01-00 00:00:00,0,0
0000-01-00 00:00:00,0,0
0000-01-00 00:00:00,0,0
0000-01-00 00:00:00,0,0
0000-01-00 00:00:00,0,0
0000-01-00 00:00:00,0,0
0000-01-00 00:00:00,0,0
0000-01-00 00:00:00,0,0
0000-01-00 00:00:00,0,0
0000-01-00 00:00:00,0,0
0000-01-00 00:00:00,0,0
0000-01-00 00:00:00,0,0
0000-01-00 00:00:00,0,0
0000-01-00 00:00:00,0,0
0000-01-00 00:00:00,0,0
0000-01-00 00:00:00,0,0
0000-01-00 00:00:00,0,0
0000-01-00 00:00:00,0,0
0000-01-00 00:00:00,0,0
0000-01-00 00:00:00,0,0
0000-01-00 00:00:00,0,0
0000-01-00 00:00:00,0,0
0000-01-00 00:00:00,0,0
0000-01-00 00:00:00,0,0
0000-01-00 00:00:00,0,0
0000-01-00 00:00:00,0,0
0000-01-00 00:00:00,0,0
0000-01-00 00:00:00,0,0
0000-01-00 00:00:00,0,0
0000-01-00 00:00:00,0,0
0000-01-00 00:00:00,0,0
0000-01-00 00:00:00,0,0
0000-01-00 00:00:00,0,0
0000-01-00 00:00:00,0,0
0000-01-00 00:00:00,0,0
0000-01-00 00:00:00,0,0
0000-01-00 00:00:00,0,0
0000-01-00 00:00:00,0,0
0000-01-00 00:00:00,0,0
0000-01-00 00:00:00,0,0
0000-01-00 00:00:00,0,0
0000-01-00 00:00:00,0,0
0000-01-00 00:00:00,0,0
0000-01-00 00:00:00,0,0
0000-01-00 00:00:00,0,0
0000-01-00 00:00:00,0,0
0000-01-00 00:00:00,0,0
0000-01-00 00:00:00,0,0
0000-01-00 00:00:00,0,0
0000-01-00 00:00:00,0,0
0000-01-00 00:00:00,0,0
0000-01-00 00:00:00,0,0
0000-01-00 00:00:00,0,0
0000-01-00 00:00:00,0,0
0000-01-00 00:00:00,0,0
0000-01-00 00:00:00,0,0
0000-01-00 00:00:00,0,0
0000-01-00 00:00:00,0,0
0000-01-00 00:00:00,0,0
0000-01-00 00:00:00,0,0
0000-01-00 00:00:00,0,0
0000-01-00 00:00:00,0,0
0000-01-00 00:00:00,0,0
0000-01-00 00:00:00,0,0
0000-01-00 00:00:00,0,0
0000-01-00 00:00:00,0,0
0000-01-00 00:00:00,0,0
0000-01-00 00:00:00,0,0
0000-01-00 00:00:00,0,0
0000-01-00 00:00:00,0,0
0000-01-00 00:00:00,0,0
0000-01-00 00:00:00,0,0
0000-01-00 00:00:00,0,0
0000-01-00 00:00:00,0,0
0000-01-00 00:00:00,0,0
0000-01-00 00:00:00,0,0
0000-01-00 00:00:00,0,0
0000-01-00 00:00:00,0,0
0000-01-00 00:00:00,0,0
0000-01-00 00:00:00,0,0
0000-01-00 00:00:00,0,0
0000-01-00 00:00:00,0,0
0000-01-00 00:00:00,0,0
0000-01-00 00:00:00,0,0
0000-01-00 00:00:00,0,0
0000-01-00 00:00:00,0,0
0000-01-00 00:00:00,0,0
0000-01-00 00:00:00,0,0
0000-01-00 00:00:00,0,0
0000-01-00 00:00:00,0,0
0000-01-00 00:00:00,0,0
0000-01-00 00:00:00,0,0
0000-01-00 00:00:00,0,0
0000-01-00 00:00:00,0,0
0000-01-00 00:00:00,0,0
0000-01-00 00:00:00,0,0
0000-01-00 00:00:00,0,0
0000-01-00 00:00:00,0,0
0000-01-00 00:00:00,0,0
0000-01-00 00:00:00,0,0
0000-01-00 00:00:00,0,0
0000-01-00 00:00:00,0,0
0000-01-00 00:00:00,0,0
0000-01-00 00:00:00,0,0
0000-01-00 00:00:00,0,0
0000-01-00 00:00:00,0,0
0000-01-00 00:00:00,0,0
0000-01-00 00:00:00,0,0
0000-01-00 00:00:00,0,0
0000-01-00 00:00:00,0,0
0000-01-00 00:00:00,0,0
0000-01-00 00:00:00,0,0
0000-01-00 00:00:00,0,0
0000-01-00 00:00:00,0,0
0000-01-00 00:00:00,0,0
0000-01-00 00:00:00,0,0
0000-01-00 00:00:00,0,0
0000-01-00 00:00:00,0,0
0000-01-00 00:00:00,0,0
0000-01-00 00:00:00,0,0
0000-01-00 00:00:00,0,0
0000-01-00 00:00:00,0,0
0000-01-00 00:00:00,0,0
0000-01-00 00:00:00,0,0
0000-01-00 00:00:00,0,0
0000-01-00 00:00:00,0,0
0000-01-00 00:00:00,0,0
0000-01-00 00:00:00,0,0
0000-01-00 00:00:00,0,0
0000-01-00 00:00:00,0,0
0000-01-00 00:00:00,0,0
0000-01-00 00:00:00,0,0
0000-01-00 00:00:00,0,0
0000-01-00 00:00:00,0,0
0000-01-00 00:00:00,0,0
0000-01-00 00:00:00,0,0
0000-01-00 00:00:00,0,0
0000-01-00 00:00:00,0,0
0000-01-00 00:00:00,0,0
0000-01-00 00:00:00,0,0
0000-01-00 00:00:00,0,0
0000-01-00 00:00:00,0,0
0000-01-00 00:00:00,0,0
0000-01-00 00:00:00,0,0
0000-01-00 00:00:00,0,0
0000-01-00 00:00:00,0,0
0000-01-00 00:00:00,0,0
0000-01-00 00:00:00,0,0
0000-01-00 00:00:00,0,0
0000-01-00 00:00:00,0,0
0000-01-00 00:00:00,0,0
0000-01-00 00:00:00,0,0
0000-01-00 00:00:00,0,0
0000-01-00 00:00:00,0,0
0000-01-00 00:00:00,0,0
0000-01-00 00:00:00,0,0
0000-01-00 00:00:00,0,0
0000-01-00 00:00:00,0,0
0000-01-00 00:00:00,0,0
0000-01-00 00:00:00,0,0
0000-01-00 00:00:00,0,0
0000-01-00 00:00:00,0,0
0000-01-00 00:00:00,0,0
0000-01-00 00:00:00,0,0
0000-01-00 00:00:00,0,0
0000-01-00 00:00:00,0,0
0000-01-00 00:00:00,0,0
0000-01-00 00:00:00,0,0
0000-01-00 00:00:00,0,0
0000-01-00 00:00:00,0,0
0000-01-00 00:00:00,0,0
0000-01-00 00:00:00,0,0
0000-01-00 00:00:00,0,0
0000-01-00 00:00:00,0,0
0000-01-00 00:00:00,0,0
0000-01-00 00:00:00,0,0
0000-01-00 00:00:00,0,0
0000-01-00 00:00:00,0,0
0000-01-00 00:00:00,0,0
0000-01-00 00:00:00,0,0
0000-01-00 00:00:00,0,0
0000-01-00 00:00:00,0,0
0000-01-00 00:00:00,0,0
0000-01-00 00:00:00,0,0
0000-01-00 00:00:00,0,0
0000-01-00 00:00:00,0,0
0000-01-00 00:00:00,0,0
0000-01-00 00:00:00,0,0
0000-01-00 00:00:00,0,0
0000-01-00 00:00:00,0,0
0000-01-00 00:00:00,0,0
0000-01-00 00:00:00,0,0
0000-01-00 00:00:00,0,0
0000-01-00 00:00:00,0,0
0000-01-00 00:00:00,0,0
0000-01-00 00:00:00,0,0
0000-01-00 00:00:00,0,0
0000-01-00 00:00:00,0,0
0000-01-00 00:00:00,0,0
0000-01-00 00:00:00,0,0
0000-01-00 00:00:00,0,0
0000-01-00 00:00:00,0,0
0000-01-00 00:00:00,0,0
0000-01-00 00:00:00,0,0
0000-01-00 00:00:00,0,0
0000-01-00 00:00:00,0,0
0000-01-00 00:00:00,0,0
0000-01-00 00:00:00,0,0
0000-01-00 00:00:00,0,0
0000-01-00 00:00:00,0,0
0000-01-00 00:00:00,0,0
0000-01-00 00:00:00,0,0
0000-01-00 00:00:00,0,0
0000-01-00 00:00:00,0,0
0000-01-00 00:00:00,0,0
0000-01-00 00:00:00,0,0
0000-01-00 00:00:00,0,0
0000-01-00 00:00:00,0,0
0000-01-00 00:00:00,0,0
0000-01-00 00:00:00,0,0
0000-01-00 00:00:00,0,0
0000-01-00 00:00:00,0,0
0000-01-00 00:00:00,0,0
0000-01-00 00:00:00,0,0
0000-01-00 00:00:00,0,0
0000-01-00 00:00:00,0,0
0000-01-00 00:00:00,0,0
0000-01-00 00:00:00,0,0
0000-01-00 00:00:00,0,0
0000-01-00 00:00:00,0,0
0000-01-00 00:00:00,0,0
0000-01-00 00:00:00,0,0
0000-01-00 00:00:00,0,0
0000-01-00 00:00:00,0,0
0000-01-00 00:00:00,0,0
0000-01-00 00:00:00,0,0
0000-01-00 00:00:00,0,0
0000-01-00 00:00:00,0,0
0000-01-00 00:00:00,0,0
0000-01-00 00:00:00,0,0
0000-01-00 00:00:00,0,0
0000-01-00 00:00:00,0,0
0000-01-00 00:00:00,0,0
0000-01-00 00:00:00,0,0
0000-01-00 00:00:00,0,0
0000-01-00 00:00:00,0,0
0000-01-00 00:00:00,0,0
0000-01-00 00:00:00,0,0
0000-01-00 00:00:00,0,0
0000-01-00 00:00:00,0,0
0000-01-00 00:00:00,0,0
0000-01-00 00:00:00,0,0
0000-01-00 00:00:00,0,0
0000-01-00 00:00:00,0,0
0000-01-00 00:00:00,0,0
0000-01-00 00:00:00,0,0
0000-01-00 00:00:00,0,0
0000-01-00 00:00:00,0,0
0000-01-00 00:00:00,0,0
0000-01-00 00:00:00,0,0
0000-01-00 00:00:00,0,0
0000-01-00 00:00:00,0,0
0000-01-00 00:00:00,0,0
0000-01-00 00:00:00,0,0
0000-01-00 00:00:00,0,0
0000-01-00 00:00:00,0,0
0000-01-00 00:00:00,0,0
0000-01-00 00:00:00,0,0
0000-01-00 00:00:00,0,0
0000-01-00 00:00:00,0,0
0000-01-00 00:00:00,0,0
0000-01-00 00:00:00,0,0
0000-01-00 00:00:00,0,0
0000-01-00 00:00:00,0,0
0000-01-00 00:00:00,0,0
0000-01-00 00:00:00,0,0
0000-01-00 00:00:00,0,0
0000-01-00 00:00:00,0,0
0000-01-00 00:00:00,0,0
0000-01-00 00:00:00,0,0
0000-01-00 00:00:00,0,0
0000-01-00 00:00:00,0,0
0000-01-00 00:00:00,0,0
0000-01-00 00:00:00,0,0
0000-01-00 00:00:00,0,0
0000-01-00 00:00:00,0,0
0000-01-00 00:00:00,0,0
0000-01-00 00:00:00,0,0
0000-01-00 00:00:00,0,0
0000-01-00 00:00:00,0,0
0000-01-00 00:00:00,0,0
0000-01-00 00:00:00,0,0
0000-01-00 00:00:00,0,0
0000-01-00 00:00:00,0,0
0000-01-00 00:00:00,0,0
0000-01-00 00:00:00,0,0
0000-01-00 00:00:00,0,0
0000-01-00 00:00:00,0,0
0000-01-00 00:00:00,0,0
0000-01-00 00:00:00,0,0
0000-01-00 00:00:00,0,0
0000-01-00 00:00:00,0,0
0000-01-00 00:00:00,0,0
0000-01-00 00:00:00,0,0
0000-01-00 00:00:00,0,0
0000-01-00 00:00:00,0,0
0000-01-00 00:00:00,0,0
0000-01-00 00:00:00,0,0
0000-01-00 00:00:00,0,0
0000-01-00 00:00:00,0,0
0000-01-00 00:00:00,0,0
0000-01-00 00:00:00,0,0
0000-01-00 00:00:00,0,0
0000-01-00 00:00:00,0,0
0000-01-00 00:00:00,0,0
0000-01-00 00:00:00,0,0
0000-01-00 00:00:00,0,0
0000-01-00 00:00:00,0,0
0000-01-00 00:00:00,0,0
0000-01-00 00:00:00,0,0
0000-01-00 00:00:00,0,0
0000-01-00 00:00:00,0,0
0000-01-00 00:00:00,0,0
0000-01-00 00:00:00,0,0
0000-01-00 00:00:00,0,0
0000-01-00 00:00:00,0,0
0000-01-00 00:00:00,0,0
0000-01-00 00:00:00,0,0
0000-01-00 00:00:00,0,0
0000-01-00 00:00:00,0,0
0000-01-00 00:00:00,0,0
0000-01-00 00:00:00,0,0
0000-01-00 00:00:00,0,0
0000-01-00 00:00:00,0,0
0000-01-00 00:00:00,0,0
0000-01-00 00:00:00,0,0
0000-01-00 00:00:00,0,0
0000-01-00 00:00:00,0,0
0000-01-00 00:00:00,0,0
0000-01-00 00:00:00,0,0
0000-01-00 00:00:00,0,0
0000-01-00 00:00:00,0,0
0000-01-00 00:00:00,0,0
0000-01-00 00:00:00,0,0
0000-01-00 00:00:00,0,0
0000-01-00 00:00:00,0,0
0000-01-00 00:00:00,0,0
0000-01-00 00:00:00,0,0
0000-01-00 00:00:00,0,0
0000-01-00 00:00:00,0,0
0000-01-00 00:00:00,0,0
0000-01-00 00:00:00,0,0
0000-01-00 00:00:00,0,0
0000-01-00 00:00:00,0,0
0000-01-00 00:00:00,0,0
0000-01-00 00:00:00,0,0
0000-01-00 00:00:00,0,0
0000-01-00 00:00:00,0,0
0000-01-00 00:00:00,0,0
0000-01-00 00:00:00,0,0
0000-01-00 00:00:00,0,0
0000-01-00 00:00:00,0,0
0000-01-00 00:00:00,0,0
0000-01-00 00:00:00,0,0
0000-01-00 00:00:00,0,0
0000-01-00 00:00:00,0,0
0000-01-00 00:00:00,0,0
0000-01-00 00:00:00,0,0
0000-01-00 00:00:00,0,0
0000-01-00 00:00:00,0,0
0000-01-00 00:00:00,0,0
0000-01-00 00:00:00,0,0
0000-01-00 00:00:00,0,0
0000-01-00 00:00:00,0,0
0000-01-00 00:00:00,0,0
0000-01-00 00:00:00,0,0
0000-01-00 00:00:00,0,0
0000-01-00 00:00:00,0,0
0000-01-00 00:00:00,0,0
0000-01-00 00:00:00,0,0
0000-01-00 00:00:00,0,0
0000-01-00 00:00:00,0,0
0000-01-00 00:00:00,0,0
0000-01-00 00:00:00,0,0
0000-01-00 00:00:00,0,0
0000-01-00 00:00:00,0,0
0000-01-00 00:00:00,0,0
0000-01-00 00:00:00,0,0
0000-01-00 00:00:00,0,0
0000-01-00 00:00:00,0,0
0000-01-00 00:00:00,0,0
0000-01-00 00:00:00,0,0
0000-01-00 00:00:00,0,0
0000-01-00 00:00:00,0,0
0000-01-00 00:00:00,0,0
0000-01-00 00:00:00,0,0
0000-01-00 00:00:00,0,0
0000-01-00 00:00:00,0,0
0000-01-00 00:00:00,0,0
0000-01-00 00:00:00,0,0
0000-01-00 00:00:00,0,0
0000-01-00 00:00:00,0,0
0000-01-00 00:00:00,0,0
0000-01-00 00:00:00,0,0
0000-01-00 00:00:00,0,0
0000-01-00 00:00:00,0,0
0000-01-00 00:00:00,0,0
0000-01-00 00:00:00,0,0
0000-01-00 00:00:00,0,0
0000-01-00 00:00:00,0,0
0000-01-00 00:00:00,0,0
0000-01-00 00:00:00,0,0
0000-01-00 00:00:00,0,0
0000-01-00 00:00:00,0,0
0000-01-00 00:00:00,0,0
0000-01-00 00:00:00,0,0
0000-01-00 00:00:00,0,0
0000-01-00 00:00:00,0,0
0000-01-00 00:00:00,0,0
0000-01-00 00:00:00,0,0
0000-01-00 00:00:00,0,0
0000-01-00 00:00:00,0,0
0000-01-00 00:00:00,0,0
0000-01-00 00:00:00,0,0
0000-01-00 00:00:00,0,0
0000-01-00 00:00:00,0,0
0000-01-00 00:00:00,0,0
0000-01-00 00:00:00,0,0
0000-01-00 00:00:00,0,0
0000-01-00 00:00:00,0,0
0000-01-00 00:00:00,0,0
0000-01-00 00:00:00,0,0
0000-01-00 00:00:00,0,0
0000-01-00 00:00:00,0,0
0000-01-00 00:00:00,0,0
0000-01-00 00:00:00,0,0
0000-01-00 00:00:00,0,0
0000-01-00 00:00:00,0,0
0000-01-00 00:00:00,0,0
0000-01-00 00:00:00,0,0
0000-01-00 00:00:00,0,0
0000-01-00 00:00:00,0,0
0000-01-00 00:00:00,0,0
0000-01-00 00:00:00,0,0
0000-01-00 00:00:00,0,0
0000-01-00 00:00:00,0,0
0000-01-00 00:00:00,0,0
0000-01-00 00:00:00,0,0
0000-01-00 00:00:00,0,0
0000-01-00 00:00:00,0,0
0000-01-00 00:00:00,0,0
0000-01-00 00:00:00,0,0
0000-01-00 00:00:00,0,0
0000-01-00 00:00:00,0,0
0000-01-00 00:00:00,0,0
0000-01-00 00:00:00,0,0
0000-01-00 00:00:00,0,0
0000-01-00 00:00:00,0,0
0000-01-00 00:00:00,0,0
0000-01-00 00:00:00,0,0
0000-01-00 00:00:00,0,0
0000-01-00 00:00:00,0,0
0000-01-00 00:00:00,0,0
0000-01-00 00:00:00,0,0
0000-01-00 00:00:00,0,0
0000-01-00 00:00:00,0,0
0000-01-00 00:00:00,0,0
0000-01-00 00:00:00,0,0
0000-01-00 00:00:00,0,0
0000-01-00 00:00:00,0,0
0000-01-00 00:00:00,0,0
0000-01-00 00:00:00,0,0
0000-01-00 00:00:00,0,0
0000-01-00 00:00:00,0,0
0000-01-00 00:00:00,0,0
0000-01-00 00:00:00,0,0
0000-01-00 00:00:00,0,0
0000-01-00 00:00:00,0,0
0000-01-00 00:00:00,0,0
0000-01-00 00:00:00,0,0
0000-01-00 00:00:00,0,0
0000-01-00 00:00:00,0,0
0000-01-00 00:00:00,0,0
0000-01-00 00:00:00,0,0
0000-01-00 00:00:00,0,0
0000-01-00 00:00:00,0,0
0000-01-00 00:00:00,0,0
0000-01-00 00:00:00,0,0
0000-01-00 00:00:00,0,0
0000-01-00 00:00:00,0,0
0000-01-00 00:00:00,0,0
0000-01-00 00:00:00,0,0
0000-01-00 00:00:00,0,0
0000-01-00 00:00:00,0,0
0000-01-00 00:00:00,0,0
0000-01-00 00:00:00,0,0
0000-01-00 00:00:00,0,0
0000-01-00 00:00:00,0,0
0000-01-00 00:00:00,0,0
0000-01-00 00:00:00,0,0
0000-01-00 00:00:00,0,0
0000-01-00 00:00:00,0,0
0000-01-00 00:00:00,0,0
0000-01-00 00:00:00,0,0
0000-01-00 00:00:00,0,0
0000-01-00 00:00:00,0,0
0000-01-00 00:00:00,0,0
0000-01-00 00:00:00,0,0
0000-01-00 00:00:00,0,0
0000-01-00 00:00:00,0,0
0000-01-00 00:00:00,0,0
0000-01-00 00:00:00,0,0
0000-01-00 00:00:00,0,0
0000-01-00 00:00:00,0,0
0000-01-00 00:00:00,0,0
0000-01-00 00:00:00,0,0
0000-01-00 00:00:00,0,0
0000-01-00 00:00:00,0,0
0000-01-00 00:00:00,0,0
0000-01-00 00:00:00,0,0
0000-01-00 00:00:00,0,0
0000-01-00 00:00:00,0,0
0000-01-00 00:00:00,0,0
0000-01-00 00:00:00,0,0
0000-01-00 00:00:00,0,0
0000-01-00 00:00:00,0,0
0000-01-00 00:00:00,0,0
0000-01-00 00:00:00,0,0
0000-01-00 00:00:00,0,0
0000-01-00 00:00:00,0,0
0000-01-00 00:00:00,0,0
0000-01-00 00:00:00,0,0
0000-01-00 00:00:00,0,0
0000-01-00 00:00:00,0,0
0000-01-00 00:00:00,0,0
0000-01-00 00:00:00,0,0
0000-01-00 00:00:00,0,0
0000-01-00 00:00:00,0,0
0000-01-00 00:00:00,0,0
0000-01-00 00:00:00,0,0
0000-01-00 00:00:00,0,0
0000-01-00 00:00:00,0,0
0000-01-00 00:00:00,0,0
0000-01-00 00:00:00,0,0
0000-01-00 00:00:00,0,0
0000-01-00 00:00:00,0,0
0000-01-00 00:00:00,0,0
0000-01-00 00:00:00,0,0
0000-01-00 00:00:00,0,0
0000-01-00 00:00:00,0,0
0000-01-00 00:00:00,0,0
0000-01-00 00:00:00,0,0
0000-01-00 00:00:00,0,0
0000-01-00 00:00:00,0,0
0000-01-00 00:00:00,0,0
0000-01-00 00:00:00,0,0
0000-01-00 00:00:00,0,0
0000-01-00 00:00:00,0,0
0000-01-00 00:00:00,0,0
0000-01-00 00:00:00,0,0
0000-01-00 00:00:00,0,0
0000-01-00 00:00:00,0,0
0000-01-00 00:00:00,0,0
0000-01-00 00:00:00,0,0
0000-01-00 00:00:00,0,0
0000-01-00 00:00:00,0,0
0000-01-00 00:00:00,0,0
0000-01-00 00:00:00,0,0
0000-01-00 00:00:00,0,0
0000-01-00 00:00:00,0,0
0000-01-00 00:00:00,0,0
0000-01-00 00:00:00,0,0
0000-01-00 00:00:00,0,0
0000-01-00 00:00:00,0,0
0000-01-00 00:00:00,0,0
0000-01-00 00:00:00,0,0
0000-01-00 00:00:00,0,0
0000-01-00 00:00:00,0,0
0000-01-00 00:00:00,0,0
0000-01-00 00:00:00,0,0
0000-01-00 00:00:00,0,0
0000-01-00 00:00:00,0,0
0000-01-00 00:00:00,0,0
0000-01-00 00:00:00,0,0
0000-01-00 00:00:00,0,0
0000-01-00 00:00:00,0,0
0000-01-00 00:00:00,0,0
0000-01-00 00:00:00,0,0
0000-01-00 00:00:00,0,0
0000-01-00 00:00:00,0,0
0000-01-00 00:00:00,0,0
0000-01-00 00:00:00,0,0
0000-01-00 00:00:00,0,0
0000-01-00 00:00:00,0,0
0000-01-00 00:00:00,0,0
0000-01-00 00:00:00,0,0
0000-01-00 00:00:00,0,0
0000-01-00 00:00:00,0,0
0000-01-00 00:00:00,0,0
0000-01-00 00:00:00,0,0
0000-01-00 00:00:00,0,0
0000-01-00 00:00:00,0,0
0000-01-00 00:00:00,0,0
0000-01-00 00:00:00,0,0
0000-01-00 00:00:00,0,0
0000-01-00 00:00:00,0,0
0000-01-00 00:00:00,0,0
0000-01-00 00:00:00,0,0
0000-01-00 00:00:00,0,0
0000-01-00 00:00:00,0,0
0000-01-00 00:00:00,0,0
0000-01-00 00:00:00,0,0
0000-01-00 00:00:00,0,0
0000-01-00 00:00:00,0,0
0000-01-00 00:00:00,0,0
0000-01-00 00:00:00,0,0
0000-01-00 00:00:00,0,0
0000-01-00 00:00:00,0,0
0000-01-00 00:00:00,0,0
0000-01-00 00:00:00,0,0
0000-01-00 00:00:00,0,0
0000-01-00 00:00:00,0,0
0000-01-00 00:00:00,0,0
0000-01-00 00:00:00,0,0
0000-01-00 00:00:00,0,0
0000-01-00 00:00:00,0,0
0000-01-00 00:00:00,0,0
0000-01-00 00:00:00,0,0
0000-01-00 00:00:00,0,0
0000-01-00 00:00:00,0,0
0000-01-00 00:00:00,0,0
0000-01-00 00:00:00,0,0
0000-01-00 00:00:00,0,0
0000-01-00 00:00:00,0,0
0000-01-00 00:00:00,0,0
0000-01-00 00:00:00,0,0
0000-01-00 00:00:00,0,0
0000-01-00 00:00:00,0,0
0000-01-00 00:00:00,0,0
0000-01-00 00:00:00,0,0
0000-01-00 00:00:00,0,0
0000-01-00 00:00:00,0,0
0000-01-00 00:00:00,0,0
0000-01-00 00:00:00,0,0
0000-01-00 00:00:00,0,0
0000-01-00 00:00:00,0,0
0000-01-00 00:00:00,0,0
0000-01-00 00:00:00,0,0
0000-01-00 00:00:00,0,0
0000-01-00 00:00:00,0,0
0000-01-00 00:00:00,0,0
0000-01-00 00:00:00,0,0
0000-01-00 00:00:00,0,0
0000-01-00 00:00:00,0,0
0000-01-00 00:00:00,0,0
0000-01-00 00:00:00,0,0
0000-01-00 00:00:00,0,0
0000-01-00 00:00:00,0,0
0000-01-00 00:00:00,0,0
0000-01-00 00:00:00,0,0
0000-01-00 00:00:00,0,0
0000-01-00 00:00:00,0,0
0000-01-00 00:00:00,0,0
0000-01-00 00:00:00,0,0
0000-01-00 00:00:00,0,0
0000-01-00 00:00:00,0,0
0000-01-00 00:00:00,0,0
0000-01-00 00:00:00,0,0
0000-01-00 00:00:00,0,0
0000-01-00 00:00:00,0,0
0000-01-00 00:00:00,0,0
0000-01-00 00:00:00,0,0
0000-01-00 00:00:00,0,0
0000-01-00 00:00:00,0,0
0000-01-00 00:00:00,0,0
0000-01-00 00:00:00,0,0
0000-01-00 00:00:00,0,0
0000-01-00 00:00:00,0,0
0000-01-00 00:00:00,0,0
0000-01-00 00:00:00,0,0
0000-01-00 00:00:00,0,0
0000-01-00 00:00:00,0,0
0000-01-00 00:00:00,0,0
0000-01-00 00:00:00,0,0
0000-01-00 00:00:00,0,0
0000-01-00 00:00:00,0,0
0000-01-00 00:00:00,0,0
0000-01-00 00:00:00,0,0
0000-01-00 00:00:00,0,0
0000-01-00 00:00:00,0,0
0000-01-00 00:00:00,0,0
0000-01-00 00:00:00,0,0
0000-01-00 00:00:00,0,0
0000-01-00 00:00:00,0,0
0000-01-00 00:00:00,0,0
0000-01-00 00:00:00,0,0
0000-01-00 00:00:00,0,0
0000-01-00 00:00:00,0,0
0000-01-00 00:00:00,0,0
0000-01-00 00:00:00,0,0
0000-01-00 00:00:00,0,0
0000-01-00 00:00:00,0,0
0000-01-00 00:00:00,0,0
0000-01-00 00:00:00,0,0
0000-01-00 00:00:00,0,0
0000-01-00 00:00:00,0,0
0000-01-00 00:00:00,0,0
0000-01-00 00:00:00,0,0
0000-01-00 00:00:00,0,0
0000-01-00 00:00:00,0,0
0000-01-00 00:00:00,0,0
0000-01-00 00:00:00,0,0
0000-01-00 00:00:00,0,0
0000-01-00 00:00:00,0,0
0000-01-00 00:00:00,0,0
0000-01-00 00:00:00,0,0
0000-01-00 00:00:00,0,0
0000-01-00 00:00:00,0,0
0000-01-00 00:00:00,0,0
0000-01-00 00:00:00,0,0
0000-01-00 00:00:00,0,0
0000-01-00 00:00:00,0,0
0000-01-00 00:00:00,0,0
0000-01-00 00:00:00,0,0
0000-01-00 00:00:00,0,0
0000-01-00 00:00:00,0,0
0000-01-00 00:00:00,0,0
0000-01-00 00:00:00,0,0
0000-01-00 00:00:00,0,0
0000-01-00 00:00:00,0,0
0000-01-00 00:00:00,0,0
0000-01-00 00:00:00,0,0
0000-01-00 00:00:00,0,0
0000-01-00 00:00:00,0,0
0000-01-00 00:00:00,0,0
0000-01-00 00:00:00,0,0
0000-01-00 00:00:00,0,0
0000-01-00 00:00:00,0,0
0000-01-00 00:00:00,0,0
0000-01-00 00:00:00,0,0
0000-01-00 00:00:00,0,0
0000-01-00 00:00:00,0,0
0000-01-00 00:00:00,0,0
0000-01-00 00:00:00,0,0
0000-01-00 00:00:00,0,0
0000-01-00 00:00:00,0,0
0000-01-00 00:00:00,0,0
0000-01-00 00:00:00,0,0
0000-01-00 00:00:00,0,0
0000-01-00 00:00:00,0,0
0000-01-00 00:00:00,0,0
0000-01-00 00:00:00,0,0
0000-01-00 00:00:00,0,0
0000-01-00 00:00:00,0,0
0000-01-00 00:00:00,0,0
0000-01-00 00:00:00,0,0
0000-01-00 00:00:00,0,0
0000-01-00 00:00:00,0,0
0000-01-00 00:00:00,0,0
0000-01-00 00:00:00,0,0
0000-01-00 00:00:00,0,0
0000-01-00 00:00:00,0,0
0000-01-00 00:00:00,0,0
0000-01-00 00:00:00,0,0
0000-01-00 00:00:00,0,0
0000-01-00 00:00:00,0,0
0000-01-00 00:00:00,0,0
0000-01-00 00:00:00,0,0
0000-01-00 00:00:00,0,0
0000-01-00 00:00:00,0,0
0000-01-00 00:00:00,0,0
0000-01-00 00:00:00,0,0
0000-01-00 00:00:00,0,0
0000-01-00 00:00:00,0,0
0000-01-00 00:00:00,0,0
0000-01-00 00:00:00,0,0
0000-01-00 00:00:00,0,0
0000-01-00 00:00:00,0,0
0000-01-00 00:00:00,0,0
0000-01-00 00:00:00,0,0
0000-01-00 00:00:00,0,0
0000-01-00 00:00:00,0,0
0000-01-00 00:00:00,0,0
0000-01-00 00:00:00,0,0
0000-01-00 00:00:00,0,0
0000-01-00 00:00:00,0,0
0000-01-00 00:00:00,0,0
0000-01-00 00:00:00,0,0
0000-01-00 00:00:00,0,0
0000-01-00 00:00:00,0,0
0000-01-00 00:00:00,0,0
0000-01-00 00:00:00,0,0
0000-01-00 00:00:00,0,0
0000-01-00 00:00:00,0,0
0000-01-00 00:00:00,0,0
0000-01-00 00:00:00,0,0
0000-01-00 00:00:00,0,0
0000-01-00 00:00:00,0,0
0000-01-00 00:00:00,0,0
0000-01-00 00:00:00,0,0
0000-01-00 00:00:00,0,0
0000-01-00 00:00:00,0,0
0000-01-00 00:00:00,0,0
0000-01-00 00:00:00,0,0
0000-01-00 00:00:00,0,0
0000-01-00 00:00:00,0,0
0000-01-00 00:00:00,0,0
0000-01-00 00:00:00,0,0
0000-01-00 00:00:00,0,0
0000-01-00 00:00:00,0,0
0000-01-00 00:00:00,0,0
0000-01-00 00:00:00,0,0
0000-01-00 00:00:00,0,0
0000-01-00 00:00:00,0,0
0000-01-00 00:00:00,0,0
0000-01-00 00:00:00,0,0
0000-01-00 00:00:00,0,0
0000-01-00 00:00:00,0,0
0000-01-00 00:00:00,0,0
0000-01-00 00:00:00,0,0
0000-01-00 00:00:00,0,0
0000-01-00 00:00:00,0,0
0000-01-00 00:00:00,0,0
0000-01-00 00:00:00,0,0
0000-01-00 00:00:00,0,0
0000-01-00 00:00:00,0,0
0000-01-00 00:00:00,0,0
0000-01-00 00:00:00,0,0
0000-01-00 00:00:00,0,0
0000-01-00 00:00:00,0,0
0000-01-00 00:00:00,0,0
0000-01-00 00:00:00,0,0
0000-01-00 00:00:00,0,0
0000-01-00 00:00:00,0,0
0000-01-00 00:00:00,0,0
0000-01-00 00:00:00,0,0
0000-01-00 00:00:00,0,0
0000-01-00 00:00:00,0,0
0000-01-00 00:00:00,0,0
0000-01-00 00:00:00,0,0
0000-01-00 00:00:00,0,0
0000-01-00 00:00:00,0,0
0000-01-00 00:00:00,0,0
0000-01-00 00:00:00,0,0
0000-01-00 00:00:00,0,0
0000-01-00 00:00:00,0,0
0000-01-00 00:00:00,0,0
0000-01-00 00:00:00,0,0
0000-01-00 00:00:00,0,0
0000-01-00 00:00:00,0,0
0000-01-00 00:00:00,0,0
0000-01-00 00:00:00,0,0
0000-01-00 00:00:00,0,0
0000-01-00 00:00:00,0,0
0000-01-00 00:00:00,0,0
0000-01-00 00:00:00,0,0
0000-01-00 00:00:00,0,0
0000-01-00 00:00:00,0,0
0000-01-00 00:00:00,0,0
0000-01-00 00:00:00,0,0
0000-01-00 00:00:00,0,0
0000-01-00 00:00:00,0,0
0000-01-00 00:00:00,0,0
0000-01-00 00:00:00,0,0
0000-01-00 00:00:00,0,0
0000-01-00 00:00:00,0,0
0000-01-00 00:00:00,0,0
0000-01-00 00:00:00,0,0
0000-01-00 00:00:00,0,0
0000-01-00 00:00:00,0,0
0000-01-00 00:00:00,0,0
0000-01-00 00:00:00,0,0
0000-01-00 00:00:00,0,0
0000-01-00 00:00:00,0,0
0000-01-00 00:00:00,0,0
0000-01-00 00:00:00,0,0
0000-01-00 00:00:00,0,0
0000-01-00 00:00:00,0,0
0000-01-00 00:00:00,0,0
0000-01-00 00:00:00,0,0
0000-01-00 00:00:00,0,0
0000-01-00 00:00:00,0,0
0000-01-00 00:00:00,0,0
0000-01-00 00:00:00,0,0
0000-01-00 00:00:00,0,0
0000-01-00 00:00:00,0,0
0000-01-00 00:00:00,0,0
0000-01-00 00:00:00,0,0
0000-01-00 00:00:00,0,0
0000-01-00 00:00:00,0,0
0000-01-00 00:00:00,0,0
0000-01-00 00:00:00,0,0
0000-01-00 00:00:00,0,0
0000-01-00 00:00:00,0,0
0000-01-00 00:00:00,0,0
0000-01-00 00:00:00,0,0
0000-01-00 00:00:00,0,0
0000-01-00 00:00:00,0,0
0000-01-00 00:00:00,0,0
0000-01-00 00:00:00,0,0
0000-01-00 00:00:00,0,0
0000-01-00 00:00:00,0,0
0000-01-00 00:00:00,0,0
0000-01-00 00:00:00,0,0
0000-01-00 00:00:00,0,0
0000-01-00 00:00:00,0,0
0000-01-00 00:00:00,0,0
0000-01-00 00:00:00,0,0
0000-01-00 00:00:00,0,0
0000-01-00 00:00:00,0,0
0000-01-00 00:00:00,0,0
0000-01-00 00:00:00,0,0
0000-01-00 00:00:00,0,0
0000-01-00 00:00:00,0,0
0000-01-00 00:00:00,0,0
0000-01-00 00:00:00,0,0
0000-01-00 00:00:00,0,0
0000-01-00 00:00:00,0,0
0000-01-00 00:00:00,0,0
0000-01-00 00:00:00,0,0
0000-01-00 00:00:00,0,0
0000-01-00 00:00:00,0,0
0000-01-00 00:00:00,0,0
0000-01-00 00:00:00,0,0
0000-01-00 00:00:00,0,0
0000-01-00 00:00:00,0,0
0000-01-00 00:00:00,0,0
0000-01-00 00:00:00,0,0
0000-01-00 00:00:00,0,0
0000-01-00 00:00:00,0,0
0000-01-00 00:00:00,0,0
0000-01-00 00:00:00,0,0
0000-01-00 00:00:00,0,0
0000-01-00 00:00:00,0,0
0000-01-00 00:00:00,0,0
0000-01-00 00:00:00,0,0
0000-01-00 00:00:00,0,0
0000-01-00 00:00:00,0,0
0000-01-00 00:00:00,0,0
0000-01-00 00:00:00,0,0
0000-01-00 00:00:00,0,0
0000-01-00 00:00:00,0,0
0000-01-00 00:00:00,0,0
0000-01-00 00:00:00,0,0
0000-01-00 00:00:00,0,0
0000-01-00 00:00:00,0,0
0000-01-00 00:00:00,0,0
0000-01-00 00:00:00,0,0
0000-01-00 00:00:00,0,0
0000-01-00 00:00:00,0,0
0000-01-00 00:00:00,0,0
0000-01-00 00:00:00,0,0
0000-01-00 00:00:00,0,0
0000-01-00 00:00:00,0,0
0000-01-00 00:00:00,0,0
0000-01-00 00:00:00,0,0
0000-01-00 00:00:00,0,0
0000-01-00 00:00:00,0,0
0000-01-00 00:00:00,0,0
0000-01-00 00:00:00,0,0
0000-01-00 00:00:00,0,0
0000-01-00 00:00:00,0,0
0000-01-00 00:00:00,0,0
0000-01-00 00:00:00,0,0
0000-01-00 00:00:00,0,0
0000-01-00 00:00:00,0,0
0000-01-00 00:00:00,0,0
0000-01-00 00:00:00,0,0
0000-01-00 00:00:00,0,0
0000-01-00 00:00:00,0,0
0000-01-00 00:00:00,0,0
0000-01-00 00:00:00,0,0
0000-01-00 00:00:00,0,0
0000-01-00 00:00:00,0,0
0000-01-00 00:00:00,0,0
0000-01-00 00:00:00,0,0
0000-01-00 00:00:00,0,0
0000-01-00 00:00:00,0,0
0000-01-00 00:00:00,0,0
0000-01-00 00:00:00,0,0
0000-01-00 00:00:00,0,0
0000-01-00 00:00:00,0,0
0000-01-00 00:00:00,0,0
0000-01-00 00:00:00,0,0
0000-01-00 00:00:00,0,0
0000-01-00 00:00:00,0,0
0000-01-00 00:00:00,0,0
0000-01-00 00:00:00,0,0
0000-01-00 00:00:00,0,0
0000-01-00 00:00:00,0,0
0000-01-00 00:00:00,0,0
0000-01-00 00:00:00,0,0
0000-01-00 00:00:00,0,0
0000-01-00 00:00:00,0,0
0000-01-00 00:00:00,0,0
0000-01-00 00:00:00,0,0
0000-01-00 00:00:00,0,0
0000-01-00 00:00:00,0,0
0000-01-00 00:00:00,0,0
0000-01-00 00:00:00,0,0
0000-01-00 00:00:00,0,0
0000-01-00 00:00:00,0,0
0000-01-00 00:00:00,0,0
0000-01-00 00:00:00,0,0
0000-01-00 00:00:00,0,0
0000-01-00 00:00:00,0,0
0000-01-00 00:00:00,0,0
0000-01-00 00:00:00,0,0
0000-01-00 00:00:00,0,0
0000-01-00 00:00:00,0,0
0000-01-00 00:00:00,0,0
0000-01-00 00:00:00,0,0
0000-01-00 00:00:00,0,0
0000-01-00 00:00:00,0,0
0000-01-00 00:00:00,0,0
0000-01-00 00:00:00,0,0
0000-01-00 00:00:00,0,0
0000-01-00 00:00:00,0,0
0000-01-00 00:00:00,0,0
0000-01-00 00:00:00,0,0
0000-01-00 00:00:00,0,0
0000-01-00 00:00:00,0,0
0000-01-00 00:00:00,0,0
0000-01-00 00:00:00,0,0
0000-01-00 00:00:00,0,0
0000-01-00 00:00:00,0,0
0000-01-00 00:00:00,0,0
0000-01-00 00:00:00,0,0
0000-01-00 00:00:00,0,0
0000-01-00 00:00:00,0,0
0000-01-00 00:00:00,0,0
0000-01-00 00:00:00,0,0
0000-01-00 00:00:00,0,0
0000-01-00 00:00:00,0,0
0000-01-00 00:00:00,0,0
0000-01-00 00:00:00,0,0
0000-01-00 00:00:00,0,0
0000-01-00 00:00:00,0,0
0000-01-00 00:00:00,0,0
0000-01-00 00:00:00,0,0
0000-01-00 00:00:00,0,0
0000-01-00 00:00:00,0,0
0000-01-00 00:00:00,0,0
0000-01-00 00:00:00,0,0
0000-01-00 00:00:00,0,0
0000-01-00 00:00:00,0,0
0000-01-00 00:00:00,0,0
0000-01-00 00:00:00,0,0
0000-01-00 00:00:00,0,0
0000-01-00 00:00:00,0,0
0000-01-00 00:00:00,0,0
0000-01-00 00:00:00,0,0
0000-01-00 00:00:00,0,0
0000-01-00 00:00:00,0,0
0000-01-00 00:00:00,0,0
0000-01-00 00:00:00,0,0
0000-01-00 00:00:00,0,0
0000-01-00 00:00:00,0,0
0000-01-00 00:00:00,0,0
0000-01-00 00:00:00,0,0
0000-01-00 00:00:00,0,0
0000-01-00 00:00:00,0,0
0000-01-00 00:00:00,0,0
0000-01-00 00:00:00,0,0
0000-01-00 00:00:00,0,0
0000-01-00 00:00:00,0,0
0000-01-00 00:00:00,0,0
0000-01-00 00:00:00,0,0
0000-01-00 00:00:00,0,0
0000-01-00 00:00:00,0,0
0000-01-00 00:00:00,0,0
0000-01-00 00:00:00,0,0
0000-01-00 00:00:00,0,0
0000-01-00 00:00:00,0,0
0000-01-00 00:00:00,0,0
0000-01-00 00:00:00,0,0
0000-01-00 00:00:00,0,0
0000-01-00 00:00:00,0,0
0000-01-00 00:00:00,0,0
0000-01-00 00:00:00,0,0
0000-01-00 00:00:00,0,0
0000-01-00 00:00:00,0,0
0000-01-00 00:00:00,0,0
0000-01-00 00:00:00,0,0
0000-01-00 00:00:00,0,0
0000-01-00 00:00:00,0,0
0000-01-00 00:00:00,0,0
0000-01-00 00:00:00,0,0
0000-01-00 00:00:00,0,0
0000-01-00 00:00:00,0,0
0000-01-00 00:00:00,0,0
0000-01-00 00:00:00,0,0
0000-01-00 00:00:00,0,0
0000-01-00 00:00:00,0,0
0000-01-00 00:00:00,0,0
0000-01-00 00:00:00,0,0
0000-01-00 00:00:00,0,0
0000-01-00 00:00:00,0,0
0000-01-00 00:00:00,0,0
0000-01-00 00:00:00,0,0
0000-01-00 00:00:00,0,0
0000-01-00 00:00:00,0,0
0000-01-00 00:00:00,0,0
0000-01-00 00:00:00,0,0
0000-01-00 00:00:00,0,0
0000-01-00 00:00:00,0,0
0000-01-00 00:00:00,0,0
0000-01-00 00:00:00,0,0
0000-01-00 00:00:00,0,0
0000-01-00 00:00:00,0,0
0000-01-00 00:00:00,0,0
0000-01-00 00:00:00,0,0
0000-01-00 00:00:00,0,0
0000-01-00 00:00:00,0,0
0000-01-00 00:00:00,0,0
0000-01-00 00:00:00,0,0
0000-01-00 00:00:00,0,0
0000-01-00 00:00:00,0,0
0000-01-00 00:00:00,0,0
0000-01-00 00:00:00,0,0
0000-01-00 00:00:00,0,0
0000-01-00 00:00:00,0,0
0000-01-00 00:00:00,0,0
0000-01-00 00:00:00,0,0
0000-01-00 00:00:00,0,0
0000-01-00 00:00:00,0,0
0000-01-00 00:00:00,0,0
0000-01-00 00:00:00,0,0
0000-01-00 00:00:00,0,0
0000-01-00 00:00:00,0,0
0000-01-00 00:00:00,0,0
0000-01-00 00:00:00,0,0
0000-01-00 00:00:00,0,0
0000-01-00 00:00:00,0,0
0000-01-00 00:00:00,0,0
0000-01-00 00:00:00,0,0
0000-01-00 00:00:00,0,0
0000-01-00 00:00:00,0,0
0000-01-00 00:00:00,0,0
0000-01-00 00:00:00,0,0
0000-01-00 00:00:00,0,0
0000-01-00 00:00:00,0,0
0000-01-00 00:00:00,0,0
0000-01-00 00:00:00,0,0
0000-01-00 00:00:00,0,0
0000-01-00 00:00:00,0,0
0000-01-00 00:00:00,0,0
0000-01-00 00:00:00,0,0
0000-01-00 00:00:00,0,0
0000-01-00 00:00:00,0,0
0000-01-00 00:00:00,0,0
0000-01-00 00:00:00,0,0
0000-01-00 00:00:00,0,0
0000-01-00 00:00:00,0,0
0000-01-00 00:00:00,0,0
0000-01-00 00:00:00,0,0
0000-01-00 00:00:00,0,0
0000-01-00 00:00:00,0,0
0000-01-00 00:00:00,0,0
0000-01-00 00:00:00,0,0
0000-01-00 00:00:00,0,0
0000-01-00 00:00:00,0,0
0000-01-00 00:00:00,0,0
0000-01-00 00:00:00,0,0
0000-01-00 00:00:00,0,0
0000-01-00 00:00:00,0,0
0000-01-00 00:00:00,0,0
0000-01-00 00:00:00,0,0
0000-01-00 00:00:00,0,0
0000-01-00 00:00:00,0,0
0000-01-00 00:00:00,0,0
0000-01-00 00:00:00,0,0
0000-01-00 00:00:00,0,0
0000-01-00 00:00:00,0,0
0000-01-00 00:00:00,0,0
0000-01-00 00:00:00,0,0
0000-01-00 00:00:00,0,0
0000-01-00 00:00:00,0,0
0000-01-00 00:00:00,0,0
0000-01-00 00:00:00,0,0
0000-01-00 00:00:00,0,0
0000-01-00 00:00:00,0,0
0000-01-00 00:00:00,0,0
0000-01-00 00:00:00,0,0
0000-01-00 00:00:00,0,0
0000-01-00 00:00:00,0,0
0000-01-00 00:00:00,0,0
0000-01-00 00:00:00,0,0
0000-01-00 00:00:00,0,0
0000-01-00 00:00:00,0,0
0000-01-00 00:00:00,0,0
0000-01-00 00:00:00,0,0
0000-01-00 00:00:00,0,0
0000-01-00 00:00:00,0,0
0000-01-00 00:00:00,0,0
0000-01-00 00:00:00,0,0
0000-01-00 00:00:00,0,0
0000-01-00 00:00:00,0,0
0000-01-00 00:00:00,0,0
0000-01-00 00:00:00,0,0
0000-01-00 00:00:00,0,0
0000-01-00 00:00:00,0,0
0000-01-00 00:00:00,0,0
0000-01-00 00:00:00,0,0
0000-01-00 00:00:00,0,0
0000-01-00 00:00:00,0,0
0000-01-00 00:00:00,0,0
0000-01-00 00:00:00,0,0
0000-01-00 00:00:00,0,0
0000-01-00 00:00:00,0,0
0000-01-00 00:00:00,0,0
0000-01-00 00:00:00,0,0
0000-01-00 00:00:00,0,0
0000-01-00 00:00:00,0,0
0000-01-00 00:00:00,0,0
0000-01-00 00:00:00,0,0
0000-01-00 00:00:00,0,0
0000-01-00 00:00:00,0,0
0000-01-00 00:00:00,0,0
0000-01-00 00:00:00,0,0
0000-01-00 00:00:00,0,0
0000-01-00 00:00:00,0,0
0000-01-00 00:00:00,0,0
0000-01-00 00:00:00,0,0
0000-01-00 00:00:00,0,0
0000-01-00 00:00:00,0,0
0000-01-00 00:00:00,0,0
0000-01-00 00:00:00,0,0
0000-01-00 00:00:00,0,0
0000-01-00 00:00:00,0,0
0000-01-00 00:00:00,0,0
0000-01-00 00:00:00,0,0
0000-01-00 00:00:00,0,0
0000-01-00 00:00:00,0,0
0000-01-00 00:00:00,0,0
0000-01-00 00:00:00,0,0
0000-01-00 00:00:00,0,0
0000-01-00 00:00:00,0,0
0000-01-00 00:00:00,0,0
0000-01-00 00:00:00,0,0
0000-01-00 00:00:00,0,0
0000-01-00 00:00:00,0,0
0000-01-00 00:00:00,0,0
0000-01-00 00:00:00,0,0
0000-01-00 00:00:00,0,0
0000-01-00 00:00:00,0,0
0000-01-00 00:00:00,0,0
0000-01-00 00:00:00,0,0
0000-01-00 00:00:00,0,0
0000-01-00 00:00:00,0,0
0000-01-00 00:00:00,0,0
0000-01-00 00:00:00,0,0
0000-01-00 00:00:00,0,0
0000-01-00 00:00:00,0,0
0000-01-00 00:00:00,0,0
0000-01-00 00:00:00,0,0
0000-01-00 00:00:00,0,0
0000-01-00 00:00:00,0,0
0000-01-00 00:00:00,0,0
0000-01-00 00:00:00,0,0
0000-01-00 00:00:00,0,0
0000-01-00 00:00:00,0,0
0000-01-00 00:00:00,0,0
0000-01-00 00:00:00,0,0
0000-01-00 00:00:00,0,0
0000-01-00 00:00:00,0,0
0000-01-00 00:00:00,0,0
0000-01-00 00:00:00,0,0
0000-01-00 00:00:00,0,0
0000-01-00 00:00:00,0,0
0000-01-00 00:00:00,0,0
0000-01-00 00:00:00,0,0
0000-01-00 00:00:00,0,0
0000-01-00 00:00:00,0,0
0000-01-00 00:00:00,0,0
0000-01-00 00:00:00,0,0
0000-01-00 00:00:00,0,0
0000-01-00 00:00:00,0,0
0000-01-00 00:00:00,0,0
0000-01-00 00:00:00,0,0
0000-01-00 00:00:00,0,0
0000-01-00 00:00:00,0,0
0000-01-00 00:00:00,0,0
0000-01-00 00:00:00,0,0
0000-01-00 00:00:00,0,0
0000-01-00 00:00:00,0,0
0000-01-00 00:00:00,0,0
0000-01-00 00:00:00,0,0
0000-01-00 00:00:00,0,0
0000-01-00 00:00:00,0,0
0000-01-00 00:00:00,0,0
0000-01-00 00:00:00,0,0
0000-01-00 00:00:00,0,0
0000-01-00 00:00:00,0,0
0000-01-00 00:00:00,0,0
0000-01-00 00:00:00,0,0
0000-01-00 00:00:00,0,0
0000-01-00 00:00:00,0,0
0000-01-00 00:00:00,0,0
0000-01-00 00:00:00,0,0
0000-01-00 00:00:00,0,0
0000-01-00 00:00:00,0,0
0000-01-00 00:00:00,0,0
0000-01-00 00:00:00,0,0
0000-01-00 00:00:00,0,0
0000-01-00 00:00:00,0,0
0000-01-00 00:00:00,0,0
0000-01-00 00:00:00,0,0
0000-01-00 00:00:00,0,0
0000-01-00 00:00:00,0,0
0000-01-00 00:00:00,0,0
0000-01-00 00:00:00,0,0
0000-01-00 00:00:00,0,0
0000-01-00 00:00:00,0,0
0000-01-00 00:00:00,0,0
0000-01-00 00:00:00,0,0
0000-01-00 00:00:00,0,0
0000-01-00 00:00:00,0,0
0000-01-00 00:00:00,0,0
0000-01-00 00:00:00,0,0
0000-01-00 00:00:00,0,0
0000-01-00 00:00:00,0,0
0000-01-00 00:00:00,0,0
0000-01-00 00:00:00,0,0
0000-01-00 00:00:00,0,0
0000-01-00 00:00:00,0,0
0000-01-00 00:00:00,0,0
0000-01-00 00:00:00,0,0
0000-01-00 00:00:00,0,0
0000-01-00 00:00:00,0,0
0000-01-00 00:00:00,0,0
0000-01-00 00:00:00,0,0
0000-01-00 00:00:00,0,0
0000-01-00 00:00:00,0,0
0000-01-00 00:00:00,0,0
0000-01-00 00:00:00,0,0
0000-01-00 00:00:00,0,0
0000-01-00 00:00:00,0,0
0000-01-00 00:00:00,0,0
0000-01-00 00:00:00,0,0
0000-01-00 00:00:00,0,0
0000-01-00 00:00:00,0,0
0000-01-00 00:00:00,0,0
0000-01-00 00:00:00,0,0
0000-01-00 00:00:00,0,0
0000-01-00 00:00:00,0,0
0000-01-00 00:00:00,0,0
0000-01-00 00:00:00,0,0
0000-01-00 00:00:00,0,0
0000-01-00 00:00:00,0,0
0000-01-00 00:00:00,0,0
0000-01-00 00:00:00,0,0
0000-01-00 00:00:00,0,0
0000-01-00 00:00:00,0,0
0000-01-00 00:00:00,0,0
0000-01-00 00:00:00,0,0
0000-01-00 00:00:00,0,0
0000-01-00 00:00:00,0,0
0000-01-00 00:00:00,0,0
0000-01-00 00:00:00,0,0
0000-01-00 00:00:00,0,0
0000-01-00 00:00:00,0,0
0000-01-00 00:00:00,0,0
0000-01-00 00:00:00,0,0
0000-01-00 00:00:00,0,0
0000-01-00 00:00:00,0,0
0000-01-00 00:00:00,0,0
0000-01-00 00:00:00,0,0
0000-01-00 00:00:00,0,0
0000-01-00 00:00:00,0,0
0000-01-00 00:00:00,0,0
0000-01-00 00:00:00,0,0
0000-01-00 00:00:00,0,0
0000-01-00 00:00:00,0,0
0000-01-00 00:00:00,0,0
0000-01-00 00:00:00,0,0
0000-01-00 00:00:00,0,0
0000-01-00 00:00:00,0,0
0000-01-00 00:00:00,0,0
0000-01-00 00:00:00,0,0
0000-01-00 00:00:00,0,0
0000-01-00 00:00:00,0,0
0000-01-00 00:00:00,0,0
0000-01-00 00:00:00,0,0
0000-01-00 00:00:00,0,0
0000-01-00 00:00:00,0,0
0000-01-00 00:00:00,0,0
0000-01-00 00:00:00,0,0
0000-01-00 00:00:00,0,0
0000-01-00 00:00:00,0,0
0000-01-00 00:00:00,0,0
0000-01-00 00:00:00,0,0
0000-01-00 00:00:00,0,0
0000-01-00 00:00:00,0,0
0000-01-00 00:00:00,0,0
0000-01-00 00:00:00,0,0
0000-01-00 00:00:00,0,0
0000-01-00 00:00:00,0,0
0000-01-00 00:00:00,0,0
0000-01-00 00:00:00,0,0
0000-01-00 00:00:00,0,0
0000-01-00 00:00:00,0,0
0000-01-00 00:00:00,0,0
0000-01-00 00:00:00,0,0
0000-01-00 00:00:00,0,0
0000-01-00 00:00:00,0,0
0000-01-00 00:00:00,0,0
0000-01-00 00:00:00,0,0
0000-01-00 00:00:00,0,0
0000-01-00 00:00:00,0,0
0000-01-00 00:00:00,0,0
0000-01-00 00:00:00,0,0
0000-01-00 00:00:00,0,0
0000-01-00 00:00:00,0,0
0000-01-00 00:00:00,0,0
0000-01-00 00:00:00,0,0
0000-01-00 00:00:00,0,0
0000-01-00 00:00:00,0,0
0000-01-00 00:00:00,0,0
0000-01-00 00:00:00,0,0
0000-01-00 00:00:00,0,0
0000-01-00 00:00:00,0,0
0000-01-00 00:00:00,0,0
0000-01-00 00:00:00,0,0
0000-01-00 00:00:00,0,0
0000-01-00 00:00:00,0,0
0000-01-00 00:00:00,0,0
0000-01-00 00:00:00,0,0
0000-01-00 00:00:00,0,0
0000-01-00 00:00:00,0,0
0000-01-00 00:00:00,0,0
0000-01-00 00:00:00,0,0
0000-01-00 00:00:00,0,0
0000-01-00 00:00:00,0,0
0000-01-00 00:00:00,0,0
0000-01-00 00:00:00,0,0
0000-01-00 00:00:00,0,0
0000-01-00 00:00:00,0,0
0000-01-00 00:00:00,0,0
0000-01-00 00:00:00,0,0
0000-01-00 00:00:00,0,0
0000-01-00 00:00:00,0,0
0000-01-00 00:00:00,0,0
0000-01-00 00:00:00,0,0
0000-01-00 00:00:00,0,0
0000-01-00 00:00:00,0,0
0000-01-00 00:00:00,0,0
0000-01-00 00:00:00,0,0
0000-01-00 00:00:00,0,0
0000-01-00 00:00:00,0,0
0000-01-00 00:00:00,0,0
0000-01-00 00:00:00,0,0
0000-01-00 00:00:00,0,0
0000-01-00 00:00:00,0,0
0000-01-00 00:00:00,0,0
0000-01-00 00:00:00,0,0
0000-01-00 00:00:00,0,0
0000-01-00 00:00:00,0,0
0000-01-00 00:00:00,0,0
0000-01-00 00:00:00,0,0
0000-01-00 00:00:00,0,0
0000-01-00 00:00:00,0,0
0000-01-00 00:00:00,0,0
0000-01-00 00:00:00,0,0
0000-01-00 00:00:00,0,0
0000-01-00 00:00:00,0,0
0000-01-00 00:00:00,0,0
0000-01-00 00:00:00,0,0
0000-01-00 00:00:00,0,0
0000-01-00 00:00:00,0,0
0000-01-00 00:00:00,0,0
0000-01-00 00:00:00,0,0
0000-01-00 00:00:00,0,0
0000-01-00 00:00:00,0,0
0000-01-00 00:00:00,0,0
0000-01-00 00:00:00,0,0
0000-01-00 00:00:00,0,0
0000-01-00 00:00:00,0,0
0000-01-00 00:00:00,0,0
0000-01-00 00:00:00,0,0
0000-01-00 00:00:00,0,0
0000-01-00 00:00:00,0,0
0000-01-00 00:00:00,0,0
0000-01-00 00:00:00,0,0
0000-01-00 00:00:00,0,0
0000-01-00 00:00:00,0,0
0000-01-00 00:00:00,0,0
0000-01-00 00:00:00,0,0
0000-01-00 00:00:00,0,0
0000-01-00 00:00:00,0,0
0000-01-00 00:00:00,0,0
0000-01-00 00:00:00,0,0
0000-01-00 00:00:00,0,0
0000-01-00 00:00:00,0,0
0000-01-00 00:00:00,0,0
0000-01-00 00:00:00,0,0
0000-01-00 00:00:00,0,0
0000-01-00 00:00:00,0,0
0000-01-00 00:00:00,0,0
0000-01-00 00:00:00,0,0
0000-01-00 00:00:00,0,0
0000-01-00 00:00:00,0,0
0000-01-00 00:00:00,0,0
0000-01-00 00:00:00,0,0
0000-01-00 00:00:00,0,0
0000-01-00 00:00:00,0,0
0000-01-00 00:00:00,0,0
0000-01-00 00:00:00,0,0
0000-01-00 00:00:00,0,0
0000-01-00 00:00:00,0,0
0000-01-00 00:00:00,0,0
0000-01-00 00:00:00,0,0
0000-01-00 00:00:00,0,0
0000-01-00 00:00:00,0,0
0000-01-00 00:00:00,0,0
0000-01-00 00:00:00,0,0
0000-01-00 00:00:00,0,0
0000-01-00 00:00:00,0,0
0000-01-00 00:00:00,0,0
0000-01-00 00:00:00,0,0
0000-01-00 00:00:00,0,0
0000-01-00 00:00:00,0,0
0000-01-00 00:00:00,0,0
0000-01-00 00:00:00,0,0
0000-01-00 00:00:00,0,0
0000-01-00 00:00:00,0,0
0000-01-00 00:00:00,0,0
0000-01-00 00:00:00,0,0
0000-01-00 00:00:00,0,0
0000-01-00 00:00:00,0,0
0000-01-00 00:00:00,0,0
0000-01-00 00:00:00,0,0
0000-01-00 00:00:00,0,0
0000-01-00 00:00:00,0,0
0000-01-00 00:00:00,0,0
0000-01-00 00:00:00,0,0
0000-01-00 00:00:00,0,0
0000-01-00 00:00:00,0,0
0000-01-00 00:00:00,0,0
0000-01-00 00:00:00,0,0
0000-01-00 00:00:00,0,0
0000-01-00 00:00:00,0,0
0000-01-00 00:00:00,0,0
0000-01-00 00:00:00,0,0
0000-01-00 00:00:00,0,0
0000-01-00 00:00:00,0,0
0000-01-00 00:00:00,0,0
0000-01-00 00:00:00,0,0
0000-01-00 00:00:00,0,0
0000-01-00 00:00:00,0,0
0000-01-00 00:00:00,0,0
0000-01-00 00:00:00,0,0
0000-01-00 00:00:00,0,0
0000-01-00 00:00:00,0,0
0000-01-00 00:00:00,0,0
0000-01-00 00:00:00,0,0
0000-01-00 00:00:00,0,0
0000-01-00 00:00:00,0,0
0000-01-00 00:00:00,0,0
0000-01-00 00:00:00,0,0
0000-01-00 00:00:00,0,0
0000-01-00 00:00:00,0,0
0000-01-00 00:00:00,0,0
0000-01-00 00:00:00,0,0
0000-01-00 00:00:00,0,0
0000-01-00 00:00:00,0,0
0000-01-00 00:00:00,0,0
0000-01-00 00:00:00,0,0
0000-01-00 00:00:00,0,0
0000-01-00 00:00:00,0,0
0000-01-00 00:00:00,0,0
0000-01-00 00:00:00,0,0
0000-01-00 00:00:00,0,0
0000-01-00 00:00:00,0,0
0000-01-00 00:00:00,0,0
0000-01-00 00:00:00,0,0
0000-01-00 00:00:00,0,0
0000-01-00 00:00:00,0,0
0000-01-00 00:00:00,0,0
0000-01-00 00:00:00,0,0
0000-01-00 00:00:00,0,0
0000-01-00 00:00:00,0,0
0000-01-00 00:00:00,0,0
0000-01-00 00:00:00,0,0
0000-01-00 00:00:00,0,0
0000-01-00 00:00:00,0,0
0000-01-00 00:00:00,0,0
0000-01-00 00:00:00,0,0
0000-01-00 00:00:00,0,0
0000-01-00 00:00:00,0,0
0000-01-00 00:00:00,0,0
0000-01-00 00:00:00,0,0
0000-01-00 00:00:00,0,0
0000-01-00 00:00:00,0,0
0000-01-00 00:00:00,0,0
0000-01-00 00:00:00,0,0
0000-01-00 00:00:00,0,0
0000-01-00 00:00:00,0,0
0000-01-00 00:00:00,0,0
0000-01-00 00:00:00,0,0
0000-01-00 00:00:00,0,0
0000-01-00 00:00:00,0,0
0000-01-00 00:00:00,0,0
0000-01-00 00:00:00,0,0
0000-01-00 00:00:00,0,0
0000-01-00 00:00:00,0,0
0000-01-00 00:00:00,0,0
0000-01-00 00:00:00,0,0
0000-01-00 00:00:00,0,0
0000-01-00 00:00:00,0,0
0000-01-00 00:00:00,0,0
0000-01-00 00:00:00,0,0
0000-01-00 00:00:00,0,0
0000-01-00 00:00:00,0,0
0000-01-00 00:00:00,0,0
0000-01-00 00:00:00,0,0
0000-01-00 00:00:00,0,0
0000-01-00 00:00:00,0,0
0000-01-00 00:00:00,0,0
0000-01-00 00:00:00,0,0
0000-01-00 00:00:00,0,0
0000-01-00 00:00:00,0,0
0000-01-00 00:00:00,0,0
0000-01-00 00:00:00,0,0
0000-01-00 00:00:00,0,0
0000-01-00 00:00:00,0,0
0000-01-00 00:00:00,0,0
0000-01-00 00:00:00,0,0
0000-01-00 00:00:00,0,0
0000-01-00 00:00:00,0,0
0000-01-00 00:00:00,0,0
0000-01-00 00:00:00,0,0
0000-01-00 00:00:00,0,0
0000-01-00 00:00:00,0,0
0000-01-00 00:00:00,0,0
0000-01-00 00:00:00,0,0
0000-01-00 00:00:00,0,0
0000-01-00 00:00:00,0,0
0000-01-00 00:00:00,0,0
0000-01-00 00:00:00,0,0
0000-01-00 00:00:00,0,0
0000-01-00 00:00:00,0,0
0000-01-00 00:00:00,0,0
0000-01-00 00:00:00,0,0
0000-01-00 00:00:00,0,0
0000-01-00 00:00:00,0,0
0000-01-00 00:00:00,0,0
0000-01-00 00:00:00,0,0
0000-01-00 00:00:00,0,0
0000-01-00 00:00:00,0,0
0000-01-00 00:00:00,0,0
0000-01-00 00:00:00,0,0
0000-01-00 00:00:00,0,0
0000-01-00 00:00:00,0,0
0000-01-00 00:00:00,0,0
0000-01-00 00:00:00,0,0
0000-01-00 00:00:00,0,0
0000-01-00 00:00:00,0,0
0000-01-00 00:00:00,0,0
0000-01-00 00:00:00,0,0
0000-01-00 00:00:00,0,0
0000-01-00 00:00:00,0,0
0000-01-00 00:00:00,0,0
0000-01-00 00:00:00,0,0
0000-01-00 00:00:00,0,0
0000-01-00 00:00:00,0,0
0000-01-00 00:00:00,0,0
0000-01-00 00:00:00,0,0
0000-01-00 00:00:00,0,0
0000-01-00 00:00:00,0,0
0000-01-00 00:00:00,0,0
0000-01-00 00:00:00,0,0
0000-01-00 00:00:00,0,0
0000-01-00 00:00:00,0,0
0000-01-00 00:00:00,0,0
0000-01-00 00:00:00,0,0
0000-01-00 00:00:00,0,0
0000-01-00 00:00:00,0,0
0000-01-00 00:00:00,0,0
0000-01-00 00:00:00,0,0
0000-01-00 00:00:00,0,0
0000-01-00 00:00:00,0,0
0000-01-00 00:00:00,0,0
0000-01-00 00:00:00,0,0
0000-01-00 00:00:00,0,0
0000-01-00 00:00:00,0,0
0000-01-00 00:00:00,0,0
0000-01-00 00:00:00,0,0
0000-01-00 00:00:00,0,0
0000-01-00 00:00:00,0,0
0000-01-00 00:00:00,0,0
0000-01-00 00:00:00,0,0
0000-01-00 00:00:00,0,0
0000-01-00 00:00:00,0,0
0000-01-00 00:00:00,0,0
0000-01-00 00:00:00,0,0
0000-01-00 00:00:00,0,0
0000-01-00 00:00:00,0,0
0000-01-00 00:00:00,0,0
0000-01-00 00:00:00,0,0
0000-01-00 00:00:00,0,0
0000-01-00 00:00:00,0,0
0000-01-00 00:00:00,0,0
0000-01-00 00:00:00,0,0
0000-01-00 00:00:00,0,0
0000-01-00 00:00:00,0,0
0000-01-00 00:00:00,0,0
0000-01-00 00:00:00,0,0
0000-01-00 00:00:00,0,0
0000-01-00 00:00:00,0,0
0000-01-00 00:00:00,0,0
0000-01-00 00:00:00,0,0
0000-01-00 00:00:00,0,0
0000-01-00 00:00:00,0,0
0000-01-00 00:00:00,0,0
0000-01-00 00:00:00,0,0
0000-01-00 00:00:00,0,0
0000-01-00 00:00:00,0,0
0000-01-00 00:00:00,0,0
0000-01-00 00:00:00,0,0
0000-01-00 00:00:00,0,0
0000-01-00 00:00:00,0,0
0000-01-00 00:00:00,0,0
0000-01-00 00:00:00,0,0
0000-01-00 00:00:00,0,0
0000-01-00 00:00:00,0,0
0000-01-00 00:00:00,0,0
0000-01-00 00:00:00,0,0
0000-01-00 00:00:00,0,0
0000-01-00 00:00:00,0,0
0000-01-00 00:00:00,0,0
0000-01-00 00:00:00,0,0
0000-01-00 00:00:00,0,0
0000-01-00 00:00:00,0,0
0000-01-00 00:00:00,0,0
0000-01-00 00:00:00,0,0
0000-01-00 00:00:00,0,0
0000-01-00 00:00:00,0,0
0000-01-00 00:00:00,0,0
0000-01-00 00:00:00,0,0
0000-01-00 00:00:00,0,0
0000-01-00 00:00:00,0,0
0000-01-00 00:00:00,0,0
0000-01-00 00:00:00,0,0
0000-01-00 00:00:00,0,0
0000-01-00 00:00:00,0,0
0000-01-00 00:00:00,0,0
0000-01-00 00:00:00,0,0
0000-01-00 00:00:00,0,0
0000-01-00 00:00:00,0,0
0000-01-00 00:00:00,0,0
0000-01-00 00:00:00,0,0
0000-01-00 00:00:00,0,0
0000-01-00 00:00:00,0,0
0000-01-00 00:00:00,0,0
0000-01-00 00:00:00,0,0
0000-01-00 00:00:00,0,0
0000-01-00 00:00:00,0,0
0000-01-00 00:00:00,0,0
0000-01-00 00:00:00,0,0
0000-01-00 00:00:00,0,0
0000-01-00 00:00:00,0,0
0000-01-00 00:00:00,0,0
0000-01-00 00:00:00,0,0
0000-01-00 00:00:00,0,0
0000-01-00 00:00:00,0,0
0000-01-00 00:00:00,0,0
0000-01-00 00:00:00,0,0
0000-01-00 00:00:00,0,0
0000-01-00 00:00:00,0,0
0000-01-00 00:00:00,0,0
0000-01-00 00:00:00,0,0
0000-01-00 00:00:00,0,0
0000-01-00 00:00:00,0,0
0000-01-00 00:00:00,0,0
0000-01-00 00:00:00,0,0
0000-01-00 00:00:00,0,0
0000-01-00 00:00:00,0,0
0000-01-00 00:00:00,0,0
0000-01-00 00:00:00,0,0
0000-01-00 00:00:00,0,0
0000-01-00 00:00:00,0,0
0000-01-00 00:00:00,0,0
0000-01-00 00:00:00,0,0
0000-01-00 00:00:00,0,0
0000-01-00 00:00:00,0,0
0000-01-00 00:00:00,0,0
0000-01-00 00:00:00,0,0
0000-01-00 00:00:00,0,0
0000-01-00 00:00:00,0,0
0000-01-00 00:00:00,0,0
0000-01-00 00:00:00,0,0
0000-01-00 00:00:00,0,0
0000-01-00 00:00:00,0,0
0000-01-00 00:00:00,0,0
0000-01-00 00:00:00,0,0
0000-01-00 00:00:00,0,0
0000-01-00 00:00:00,0,0
0000-01-00 00:00:00,0,0
0000-01-00 00:00:00,0,0
0000-01-00 00:00:00,0,0
0000-01-00 00:00:00,0,0
0000-01-00 00:00:00,0,0
0000-01-00 00:00:00,0,0
0000-01-00 00:00:00,0,0
0000-01-00 00:00:00,0,0
0000-01-00 00:00:00,0,0
0000-01-00 00:00:00,0,0
0000-01-00 00:00:00,0,0
0000-01-00 00:00:00,0,0
0000-01-00 00:00:00,0,0
0000-01-00 00:00:00,0,0
0000-01-00 00:00:00,0,0
0000-01-00 00:00:00,0,0
0000-01-00 00:00:00,0,0
0000-01-00 00:00:00,0,0
0000-01-00 00:00:00,0,0
0000-01-00 00:00:00,0,0
0000-01-00 00:00:00,0,0
0000-01-00 00:00:00,0,0
0000-01-00 00:00:00,0,0
0000-01-00 00:00:00,0,0
0000-01-00 00:00:00,0,0
0000-01-00 00:00:00,0,0
0000-01-00 00:00:00,0,0
0000-01-00 00:00:00,0,0
0000-01-00 00:00:00,0,0
0000-01-00 00:00:00,0,0
0000-01-00 00:00:00,0,0
0000-01-00 00:00:00,0,0
0000-01-00 00:00:00,0,0
0000-01-00 00:00:00,0,0
0000-01-00 00:00:00,0,0
0000-01-00 00:00:00,0,0
0000-01-00 00:00:00,0,0
0000-01-00 00:00:00,0,0
0000-01-00 00:00:00,0,0
0000-01-00 00:00:00,0,0
0000-01-00 00:00:00,0,0
0000-01-00 00:00:00,0,0
0000-01-00 00:00:00,0,0
0000-01-00 00:00:00,0,0
0000-01-00 00:00:00,0,0
0000-01-00 00:00:00,0,0
0000-01-00 00:00:00,0,0
0000-01-00 00:00:00,0,0
0000-01-00 00:00:00,0,0
0000-01-00 00:00:00,0,0
0000-01-00 00:00:00,0,0
0000-01-00 00:00:00,0,0
0000-01-00 00:00:00,0,0
0000-01-00 00:00:00,0,0
0000-01-00 00:00:00,0,0
0000-01-00 00:00:00,0,0
0000-01-00 00:00:00,0,0
0000-01-00 00:00:00,0,0
0000-01-00 00:00:00,0,0
0000-01-00 00:00:00,0,0
0000-01-00 00:00:00,0,0
0000-01-00 00:00:00,0,0
0000-01-00 00:00:00,0,0
0000-01-00 00:00:00,0,0
0000-01-00 00:00:00,0,0
0000-01-00 00:00:00,0,0
0000-01-00 00:00:00,0,0
0000-01-00 00:00:00,0,0
0000-01-00 00:00:00,0,0
0000-01-00 00:00:00,0,0
0000-01-00 00:00:00,0,0
0000-01-00 00:00:00,0,0
0000-01-00 00:00:00,0,0
0000-01-00 00:00:00,0,0
0000-01-00 00:00:00,0,0
0000-01-00 00:00:00,0,0
0000-01-00 00:00:00,0,0
0000-01-00 00:00:00,0,0
0000-01-00 00:00:00,0,0
0000-01-00 00:00:00,0,0
0000-01-00 00:00:00,0,0
0000-01-00 00:00:00,0,0
0000-01-00 00:00:00,0,0
0000-01-00 00:00:00,0,0
0000-01-00 00:00:00,0,0
0000-01-00 00:00:00,0,0
0000-01-00 00:00:00,0,0
0000-01-00 00:00:00,0,0
0000-01-00 00:00:00,0,0
0000-01-00 00:00:00,0,0
0000-01-00 00:00:00,0,0
0000-01-00 00:00:00,0,0
0000-01-00 00:00:00,0,0
0000-01-00 00:00:00,0,0
0000-01-00 00:00:00,0,0
0000-01-00 00:00:00,0,0
0000-01-00 00:00:00,0,0
0000-01-00 00:00:00,0,0
0000-01-00 00:00:00,0,0
0000-01-00 00:00:00,0,0
0000-01-00 00:00:00,0,0
0000-01-00 00:00:00,0,0
0000-01-00 00:00:00,0,0
0000-01-00 00:00:00,0,0
0000-01-00 00:00:00,0,0
0000-01-00 00:00:00,0,0
0000-01-00 00:00:00,0,0
0000-01-00 00:00:00,0,0
0000-01-00 00:00:00,0,0
0000-01-00 00:00:00,0,0
0000-01-00 00:00:00,0,0
0000-01-00 00:00:00,0,0
0000-01-00 00:00:00,0,0
0000-01-00 00:00:00,0,0
0000-01-00 00:00:00,0,0
0000-01-00 00:00:00,0,0
0000-01-00 00:00:00,0,0
0000-01-00 00:00:00,0,0
0000-01-00 00:00:00,0,0
0000-01-00 00:00:00,0,0
0000-01-00 00:00:00,0,0
0000-01-00 00:00:00,0,0
0000-01-00 00:00:00,0,0
0000-01-00 00:00:00,0,0
0000-01-00 00:00:00,0,0
0000-01-00 00:00:00,0,0
0000-01-00 00:00:00,0,0
0000-01-00 00:00:00,0,0
0000-01-00 00:00:00,0,0
0000-01-00 00:00:00,0,0
0000-01-00 00:00:00,0,0
0000-01-00 00:00:00,0,0
0000-01-00 00:00:00,0,0
0000-01-00 00:00:00,0,0
0000-01-00 00:00:00,0,0
0000-01-00 00:00:00,0,0
0000-01-00 00:00:00,0,0
0000-01-00 00:00:00,0,0
0000-01-00 00:00:00,0,0
0000-01-00 00:00:00,0,0
0000-01-00 00:00:00,0,0
0000-01-00 00:00:00,0,0
0000-01-00 00:00:00,0,0
0000-01-00 00:00:00,0,0
0000-01-00 00:00:00,0,0
0000-01-00 00:00:00,0,0
0000-01-00 00:00:00,0,0
0000-01-00 00:00:00,0,0
0000-01-00 00:00:00,0,0
0000-01-00 00:00:00,0,0
0000-01-00 00:00:00,0,0
0000-01-00 00:00:00,0,0
0000-01-00 00:00:00,0,0
0000-01-00 00:00:00,0,0
0000-01-00 00:00:00,0,0
0000-01-00 00:00:00,0,0
0000-01-00 00:00:00,0,0
0000-01-00 00:00:00,0,0
0000-01-00 00:00:00,0,0
0000-01-00 00:00:00,0,0
0000-01-00 00:00:00,0,0
0000-01-00 00:00:00,0,0
0000-01-00 00:00:00,0,0
0000-01-00 00:00:00,0,0
0000-01-00 00:00:00,0,0
0000-01-00 00:00:00,0,0
0000-01-00 00:00:00,0,0
0000-01-00 00:00:00,0,0
0000-01-00 00:00:00,0,0
0000-01-00 00:00:00,0,0
0000-01-00 00:00:00,0,0
0000-01-00 00:00:00,0,0
0000-01-00 00:00:00,0,0
0000-01-00 00:00:00,0,0
0000-01-00 00:00:00,0,0
0000-01-00 00:00:00,0,0
0000-01-00 00:00:00,0,0
0000-01-00 00:00:00,0,0
0000-01-00 00:00:00,0,0
0000-01-00 00:00:00,0,0
0000-01-00 00:00:00,0,0
0000-01-00 00:00:00,0,0
0000-01-00 00:00:00,0,0
0000-01-00 00:00:00,0,0
0000-01-00 00:00:00,0,0
0000-01-00 00:00:00,0,0
0000-01-00 00:00:00,0,0
0000-01-00 00:00:00,0,0
0000-01-00 00:00:00,0,0
0000-01-00 00:00:00,0,0
0000-01-00 00:00:00,0,0
0000-01-00 00:00:00,0,0
0000-01-00 00:00:00,0,0
0000-01-00 00:00:00,0,0
0000-01-00 00:00:00,0,0
0000-01-00 00:00:00,0,0
0000-01-00 00:00:00,0,0
0000-01-00 00:00:00,0,0
0000-01-00 00:00:00,0,0
0000-01-00 00:00:00,0,0
0000-01-00 00:00:00,0,0
0000-01-00 00:00:00,0,0
0000-01-00 00:00:00,0,0
0000-01-00 00:00:00,0,0
0000-01-00 00:00:00,0,0
0000-01-00 00:00:00,0,0
0000-01-00 00:00:00,0,0
0000-01-00 00:00:00,0,0
0000-01-00 00:00:00,0,0
0000-01-00 00:00:00,0,0
0000-01-00 00:00:00,0,0
0000-01-00 00:00:00,0,0
0000-01-00 00:00:00,0,0
0000-01-00 00:00:00,0,0
0000-01-00 00:00:00,0,0
0000-01-00 00:00:00,0,0
0000-01-00 00:00:00,0,0
0000-01-00 00:00:00,0,0
0000-01-00 00:00:00,0,0
0000-01-00 00:00:00,0,0
0000-01-00 00:00:00,0,0
0000-01-00 00:00:00,0,0
0000-01-00 00:00:00,0,0
0000-01-00 00:00:00,0,0
0000-01-00 00:00:00,0,0
0000-01-00 00:00:00,0,0
0000-01-00 00:00:00,0,0
0000-01-00 00:00:00,0,0
0000-01-00 00:00:00,0,0
0000-01-00 00:00:00,0,0
0000-01-00 00:00:00,0,0
0000-01-00 00:00:00,0,0
0000-01-00 00:00:00,0,0
0000-01-00 00:00:00,0,0
0000-01-00 00:00:00,0,0
0000-01-00 00:00:00,0,0
0000-01-00 00:00:00,0,0
0000-01-00 00:00:00,0,0
0000-01-00 00:00:00,0,0
0000-01-00 00:00:00,0,0
0000-01-00 00:00:00,0,0
0000-01-00 00:00:00,0,0
0000-01-00 00:00:00,0,0
0000-01-00 00:00:00,0,0
0000-01-00 00:00:00,0,0
0000-01-00 00:00:00,0,0
0000-01-00 00:00:00,0,0
0000-01-00 00:00:00,0,0
0000-01-00 00:00:00,0,0
0000-01-00 00:00:00,0,0
0000-01-00 00:00:00,0,0
0000-01-00 00:00:00,0,0
0000-01-00 00:00:00,0,0
0000-01-00 00:00:00,0,0
0000-01-00 00:00:00,0,0
0000-01-00 00:00:00,0,0
0000-01-00 00:00:00,0,0
0000-01-00 00:00:00,0,0
0000-01-00 00:00:00,0,0
0000-01-00 00:00:00,0,0
0000-01-00 00:00:00,0,0
0000-01-00 00:00:00,0,0
0000-01-00 00:00:00,0,0
0000-01-00 00:00:00,0,0
0000-01-00 00:00:00,0,0
0000-01-00 00:00:00,0,0
0000-01-00 00:00:00,0,0
0000-01-00 00:00:00,0,0
0000-01-00 00:00:00,0,0
0000-01-00 00:00:00,0,0
0000-01-00 00:00:00,0,0
0000-01-00 00:00:00,0,0
0000-01-00 00:00:00,0,0
0000-01-00 00:00:00,0,0
0000-01-00 00:00:00,0,0
0000-01-00 00:00:00,0,0
0000-01-00 00:00:00,0,0
0000-01-00 00:00:00,0,0
0000-01-00 00:00:00,0,0
0000-01-00 00:00:00,0,0
0000-01-00 00:00:00,0,0
0000-01-00 00:00:00,0,0
0000-01-00 00:00:00,0,0
0000-01-00 00:00:00,0,0
0000-01-00 00:00:00,0,0
0000-01-00 00:00:00,0,0
0000-01-00 00:00:00,0,0
0000-01-00 00:00:00,0,0
0000-01-00 00:00:00,0,0
0000-01-00 00:00:00,0,0
0000-01-00 00:00:00,0,0
0000-01-00 00:00:00,0,0
0000-01-00 00:00:00,0,0
0000-01-00 00:00:00,0,0
0000-01-00 00:00:00,0,0
0000-01-00 00:00:00,0,0
0000-01-00 00:00:00,0,0
0000-01-00 00:00:00,0,0
0000-01-00 00:00:00,0,0
0000-01-00 00:00:00,0,0
0000-01-00 00:00:00,0,0
0000-01-00 00:00:00,0,0
0000-01-00 00:00:00,0,0
0000-01-00 00:00:00,0,0
0000-01-00 00:00:00,0,0
0000-01-00 00:00:00,0,0
0000-01-00 00:00:00,0,0
0000-01-00 00:00:00,0,0
0000-01-00 00:00:00,0,0
0000-01-00 00:00:00,0,0
0000-01-00 00:00:00,0,0
0000-01-00 00:00:00,0,0
0000-01-00 00:00:00,0,0
0000-01-00 00:00:00,0,0
0000-01-00 00:00:00,0,0
0000-01-00 00:00:00,0,0
0000-01-00 00:00:00,0,0
0000-01-00 00:00:00,0,0
0000-01-00 00:00:00,0,0
0000-01-00 00:00:00,0,0
0000-01-00 00:00:00,0,0
0000-01-00 00:00:00,0,0
0000-01-00 00:00:00,0,0
0000-01-00 00:00:00,0,0
0000-01-00 00:00:00,0,0
0000-01-00 00:00:00,0,0
0000-01-00 00:00:00,0,0
0000-01-00 00:00:00,0,0
0000-01-00 00:00:00,0,0
0000-01-00 00:00:00,0,0
0000-01-00 00:00:00,0,0
0000-01-00 00:00:00,0,0
0000-01-00 00:00:00,0,0
0000-01-00 00:00:00,0,0
0000-01-00 00:00:00,0,0
0000-01-00 00:00:00,0,0
0000-01-00 00:00:00,0,0
0000-01-00 00:00:00,0,0
0000-01-00 00:00:00,0,0
0000-01-00 00:00:00,0,0
0000-01-00 00:00:00,0,0
0000-01-00 00:00:00,0,0
0000-01-00 00:00:00,0,0
0000-01-00 00:00:00,0,0
0000-01-00 00:00:00,0,0
0000-01-00 00:00:00,0,0
0000-01-00 00:00:00,0,0
0000-01-00 00:00:00,0,0
0000-01-00 00:00:00,0,0
0000-01-00 00:00:00,0,0
0000-01-00 00:00:00,0,0
0000-01-00 00:00:00,0,0
0000-01-00 00:00:00,0,0
0000-01-00 00:00:00,0,0
0000-01-00 00:00:00,0,0
0000-01-00 00:00:00,0,0
0000-01-00 00:00:00,0,0
0000-01-00 00:00:00,0,0
0000-01-00 00:00:00,0,0
0000-01-00 00:00:00,0,0
0000-01-00 00:00:00,0,0
0000-01-00 00:00:00,0,0
0000-01-00 00:00:00,0,0
0000-01-00 00:00:00,0,0
0000-01-00 00:00:00,0,0
0000-01-00 00:00:00,0,0
0000-01-00 00:00:00,0,0
0000-01-00 00:00:00,0,0
0000-01-00 00:00:00,0,0
0000-01-00 00:00:00,0,0
0000-01-00 00:00:00,0,0
0000-01-00 00:00:00,0,0
0000-01-00 00:00:00,0,0
0000-01-00 00:00:00,0,0
0000-01-00 00:00:00,0,0
0000-01-00 00:00:00,0,0
0000-01-00 00:00:00,0,0
0000-01-00 00:00:00,0,0
0000-01-00 00:00:00,0,0
0000-01-00 00:00:00,0,0
0000-01-00 00:00:00,0,0
0000-01-00 00:00:00,0,0
0000-01-00 00:00:00,0,0
0000-01-00 00:00:00,0,0
0000-01-00 00:00:00,0,0
0000-01-00 00:00:00,0,0
0000-01-00 00:00:00,0,0
0000-01-00 00:00:00,0,0
0000-01-00 00:00:00,0,0
0000-01-00 00:00:00,0,0
0000-01-00 00:00:00,0,0
0000-01-00 00:00:00,0,0
0000-01-00 00:00:00,0,0
0000-01-00 00:00:00,0,0
0000-01-00 00:00:00,0,0
0000-01-00 00:00:00,0,0
0000-01-00 00:00:00,0,0
0000-01-00 00:00:00,0,0
0000-01-00 00:00:00,0,0
0000-01-00 00:00:00,0,0
0000-01-00 00:00:00,0,0
0000-01-00 00:00:00,0,0
0000-01-00 00:00:00,0,0
0000-01-00 00:00:00,0,0
0000-01-00 00:00:00,0,0
0000-01-00 00:00:00,0,0
0000-01-00 00:00:00,0,0
0000-01-00 00:00:00,0,0
0000-01-00 00:00:00,0,0
0000-01-00 00:00:00,0,0
0000-01-00 00:00:00,0,0
0000-01-00 00:00:00,0,0
0000-01-00 00:00:00,0,0
0000-01-00 00:00:00,0,0
0000-01-00 00:00:00,0,0
0000-01-00 00:00:00,0,0
0000-01-00 00:00:00,0,0
0000-01-00 00:00:00,0,0
0000-01-00 00:00:00,0,0
0000-01-00 00:00:00,0,0
0000-01-00 00:00:00,0,0
0000-01-00 00:00:00,0,0
0000-01-00 00:00:00,0,0
0000-01-00 00:00:00,0,0
0000-01-00 00:00:00,0,0
0000-01-00 00:00:00,0,0
0000-01-00 00:00:00,0,0
0000-01-00 00:00:00,0,0
0000-01-00 00:00:00,0,0
0000-01-00 00:00:00,0,0
0000-01-00 00:00:00,0,0
0000-01-00 00:00:00,0,0
0000-01-00 00:00:00,0,0
0000-01-00 00:00:00,0,0
0000-01-00 00:00:00,0,0
0000-01-00 00:00:00,0,0
0000-01-00 00:00:00,0,0
0000-01-00 00:00:00,0,0
0000-01-00 00:00:00,0,0
0000-01-00 00:00:00,0,0
0000-01-00 00:00:00,0,0
0000-01-00 00:00:00,0,0
0000-01-00 00:00:00,0,0
0000-01-00 00:00:00,0,0
0000-01-00 00:00:00,0,0
0000-01-00 00:00:00,0,0
0000-01-00 00:00:00,0,0
0000-01-00 00:00:00,0,0
0000-01-00 00:00:00,0,0
0000-01-00 00:00:00,0,0
0000-01-00 00:00:00,0,0
0000-01-00 00:00:00,0,0
0000-01-00 00:00:00,0,0
0000-01-00 00:00:00,0,0
0000-01-00 00:00:00,0,0
0000-01-00 00:00:00,0,0
0000-01-00 00:00:00,0,0
0000-01-00 00:00:00,0,0
0000-01-00 00:00:00,0,0
0000-01-00 00:00:00,0,0
0000-01-00 00:00:00,0,0
0000-01-00 00:00:00,0,0
0000-01-00 00:00:00,0,0
0000-01-00 00:00:00,0,0
0000-01-00 00:00:00,0,0
0000-01-00 00:00:00,0,0
0000-01-00 00:00:00,0,0
0000-01-00 00:00:00,0,0
0000-01-00 00:00:00,0,0
0000-01-00 00:00:00,0,0
0000-01-00 00:00:00,0,0
0000-01-00 00:00:00,0,0
0000-01-00 00:00:00,0,0
0000-01-00 00:00:00,0,0
0000-01-00 00:00:00,0,0
0000-01-00 00:00:00,0,0
0000-01-00 00:00:00,0,0
0000-01-00 00:00:00,0,0
0000-01-00 00:00:00,0,0
0000-01-00 00:00:00,0,0
0000-01-00 00:00:00,0,0
0000-01-00 00:00:00,0,0
0000-01-00 00:00:00,0,0
0000-01-00 00:00:00,0,0
0000-01-00 00:00:00,0,0
0000-01-00 00:00:00,0,0
0000-01-00 00:00:00,0,0
0000-01-00 00:00:00,0,0
0000-01-00 00:00:00,0,0
0000-01-00 00:00:00,0,0
0000-01-00 00:00:00,0,0
0000-01-00 00:00:00,0,0
0000-01-00 00:00:00,0,0
0000-01-00 00:00:00,0,0
0000-01-00 00:00:00,0,0
0000-01-00 00:00:00,0,0
0000-01-00 00:00:00,0,0
0000-01-00 00:00:00,0,0
0000-01-00 00:00:00,0,0
0000-01-00 00:00:00,0,0
0000-01-00 00:00:00,0,0
0000-01-00 00:00:00,0,0
0000-01-00 00:00:00,0,0
0000-01-00 00:00:00,0,0
0000-01-00 00:00:00,0,0
0000-01-00 00:00:00,0,0
0000-01-00 00:00:00,0,0
0000-01-00 00:00:00,0,0
0000-01-00 00:00:00,0,0
0000-01-00 00:00:00,0,0
0000-01-00 00:00:00,0,0
0000-01-00 00:00:00,0,0
0000-01-00 00:00:00,0,0
0000-01-00 00:00:00,0,0
0000-01-00 00:00:00,0,0
0000-01-00 00:00:00,0,0
0000-01-00 00:00:00,0,0
0000-01-00 00:00:00,0,0
0000-01-00 00:00:00,0,0
0000-01-00 00:00:00,0,0
0000-01-00 00:00:00,0,0
0000-01-00 00:00:00,0,0
0000-01-00 00:00:00,0,0
0000-01-00 00:00:00,0,0
0000-01-00 00:00:00,0,0
0000-01-00 00:00:00,0,0
0000-01-00 00:00:00,0,0
0000-01-00 00:00:00,0,0
0000-01-00 00:00:00,0,0
0000-01-00 00:00:00,0,0
0000-01-00 00:00:00,0,0
0000-01-00 00:00:00,0,0
0000-01-00 00:00:00,0,0
0000-01-00 00:00:00,0,0
0000-01-00 00:00:00,0,0
0000-01-00 00:00:00,0,0
0000-01-00 00:00:00,0,0
0000-01-00 00:00:00,0,0
0000-01-00 00:00:00,0,0
0000-01-00 00:00:00,0,0
0000-01-00 00:00:00,0,0
0000-01-00 00:00:00,0,0
0000-01-00 00:00:00,0,0
0000-01-00 00:00:00,0,0
0000-01-00 00:00:00,0,0
0000-01-00 00:00:00,0,0
0000-01-00 00:00:00,0,0
0000-01-00 00:00:00,0,0
0000-01-00 00:00:00,0,0
0000-01-00 00:00:00,0,0
0000-01-00 00:00:00,0,0
0000-01-00 00:00:00,0,0
0000-01-00 00:00:00,0,0
0000-01-00 00:00:00,0,0
0000-01-00 00:00:00,0,0
0000-01-00 00:00:00,0,0
0000-01-00 00:00:00,0,0
0000-01-00 00:00:00,0,0
0000-01-00 00:00:00,0,0
0000-01-00 00:00:00,0,0
0000-01-00 00:00:00,0,0
0000-01-00 00:00:00,0,0
0000-01-00 00:00:00,0,0
0000-01-00 00:00:00,0,0
0000-01-00 00:00:00,0,0
0000-01-00 00:00:00,0,0
0000-01-00 00:00:00,0,0
0000-01-00 00:00:00,0,0
0000-01-00 00:00:00,0,0
0000-01-00 00:00:00,0,0
0000-01-00 00:00:00,0,0
0000-01-00 00:00:00,0,0
0000-01-00 00:00:00,0,0
0000-01-00 00:00:00,0,0
0000-01-00 00:00:00,0,0
0000-01-00 00:00:00,0,0
0000-01-00 00:00:00,0,0
0000-01-00 00:00:00,0,0
0000-01-00 00:00:00,0,0
0000-01-00 00:00:00,0,0
0000-01-00 00:00:00,0,0
0000-01-00 00:00:00,0,0
0000-01-00 00:00:00,0,0
0000-01-00 00:00:00,0,0
0000-01-00 00:00:00,0,0
0000-01-00 00:00:00,0,0
0000-01-00 00:00:00,0,0
0000-01-00 00:00:00,0,0
0000-01-00 00:00:00,0,0
0000-01-00 00:00:00,0,0
0000-01-00 00:00:00,0,0
0000-01-00 00:00:00,0,0
0000-01-00 00:00:00,0,0
0000-01-00 00:00:00,0,0
0000-01-00 00:00:00,0,0
0000-01-00 00:00:00,0,0
0000-01-00 00:00:00,0,0
0000-01-00 00:00:00,0,0
0000-01-00 00:00:00,0,0
0000-01-00 00:00:00,0,0
0000-01-00 00:00:00,0,0
0000-01-00 00:00:00,0,0
0000-01-00 00:00:00,0,0
0000-01-00 00:00:00,0,0
0000-01-00 00:00:00,0,0
0000-01-00 00:00:00,0,0
0000-01-00 00:00:00,0,0
0000-01-00 00:00:00,0,0
0000-01-00 00:00:00,0,0
0000-01-00 00:00:00,0,0
0000-01-00 00:00:00,0,0
0000-01-00 00:00:00,0,0
0000-01-00 00:00:00,0,0
0000-01-00 00:00:00,0,0
0000-01-00 00:00:00,0,0
0000-01-00 00:00:00,0,0
0000-01-00 00:00:00,0,0
0000-01-00 00:00:00,0,0
0000-01-00 00:00:00,0,0
0000-01-00 00:00:00,0,0
0000-01-00 00:00:00,0,0
0000-01-00 00:00:00,0,0
0000-01-00 00:00:00,0,0
0000-01-00 00:00:00,0,0
0000-01-00 00:00:00,0,0
0000-01-00 00:00:00,0,0
0000-01-00 00:00:00,0,0
0000-01-00 00:00:00,0,0
0000-01-00 00:00:00,0,0
0000-01-00 00:00:00,0,0
0000-01-00 00:00:00,0,0
0000-01-00 00:00:00,0,0
0000-01-00 00:00:00,0,0
0000-01-00 00:00:00,0,0
0000-01-00 00:00:00,0,0
0000-01-00 00:00:00,0,0
0000-01-00 00:00:00,0,0
0000-01-00 00:00:00,0,0
0000-01-00 00:00:00,0,0
0000-01-00 00:00:00,0,0
0000-01-00 00:00:00,0,0
0000-01-00 00:00:00,0,0
0000-01-00 00:00:00,0,0
0000-01-00 00:00:00,0,0
0000-01-00 00:00:00,0,0
0000-01-00 00:00:00,0,0
0000-01-00 00:00:00,0,0
0000-01-00 00:00:00,0,0
0000-01-00 00:00:00,0,0
0000-01-00 00:00:00,0,0
0000-01-00 00:00:00,0,0
0000-01-00 00:00:00,0,0
0000-01-00 00:00:00,0,0
0000-01-00 00:00:00,0,0
0000-01-00 00:00:00,0,0
0000-01-00 00:00:00,0,0
0000-01-00 00:00:00,0,0
0000-01-00 00:00:00,0,0
0000-01-00 00:00:00,0,0
0000-01-00 00:00:00,0,0
0000-01-00 00:00:00,0,0
0000-01-00 00:00:00,0,0
0000-01-00 00:00:00,0,0
0000-01-00 00:00:00,0,0
0000-01-00 00:00:00,0,0
0000-01-00 00:00:00,0,0
0000-01-00 00:00:00,0,0
0000-01-00 00:00:00,0,0
0000-01-00 00:00:00,0,0
0000-01-00 00:00:00,0,0
0000-01-00 00:00:00,0,0
0000-01-00 00:00:00,0,0
0000-01-00 00:00:00,0,0
0000-01-00 00:00:00,0,0
0000-01-00 00:00:00,0,0
0000-01-00 00:00:00,0,0
0000-01-00 00:00:00,0,0
0000-01-00 00:00:00,0,0
0000-01-00 00:00:00,0,0
0000-01-00 00:00:00,0,0
0000-01-00 00:00:00,0,0
0000-01-00 00:00:00,0,0
0000-01-00 00:00:00,0,0
0000-01-00 00:00:00,0,0
0000-01-00 00:00:00,0,0
0000-01-00 00:00:00,0,0
0000-01-00 00:00:00,0,0
0000-01-00 00:00:00,0,0
0000-01-00 00:00:00,0,0
0000-01-00 00:00:00,0,0
0000-01-00 00:00:00,0,0
0000-01-00 00:00:00,0,0
0000-01-00 00:00:00,0,0
0000-01-00 00:00:00,0,0
0000-01-00 00:00:00,0,0
0000-01-00 00:00:00,0,0
0000-01-00 00:00:00,0,0
0000-01-00 00:00:00,0,0
0000-01-00 00:00:00,0,0
0000-01-00 00:00:00,0,0
0000-01-00 00:00:00,0,0
0000-01-00 00:00:00,0,0
0000-01-00 00:00:00,0,0
0000-01-00 00:00:00,0,0
0000-01-00 00:00:00,0,0
0000-01-00 00:00:00,0,0
0000-01-00 00:00:00,0,0
0000-01-00 00:00:00,0,0
0000-01-00 00:00:00,0,0
0000-01-00 00:00:00,0,0
0000-01-00 00:00:00,0,0
0000-01-00 00:00:00,0,0
0000-01-00 00:00:00,0,0
0000-01-00 00:00:00,0,0
0000-01-00 00:00:00,0,0
0000-01-00 00:00:00,0,0
0000-01-00 00:00:00,0,0
0000-01-00 00:00:00,0,0
0000-01-00 00:00:00,0,0
0000-01-00 00:00:00,0,0
0000-01-00 00:00:00,0,0
0000-01-00 00:00:00,0,0
0000-01-00 00:00:00,0,0
0000-01-00 00:00:00,0,0
0000-01-00 00:00:00,0,0
0000-01-00 00:00:00,0,0
0000-01-00 00:00:00,0,0
0000-01-00 00:00:00,0,0
0000-01-00 00:00:00,0,0
0000-01-00 00:00:00,0,0
0000-01-00 00:00:00,0,0
0000-01-00 00:00:00,0,0
0000-01-00 00:00:00,0,0
0000-01-00 00:00:00,0,0
0000-01-00 00:00:00,0,0
0000-01-00 00:00:00,0,0
0000-01-00 00:00:00,0,0
0000-01-00 00:00:00,0,0
0000-01-00 00:00:00,0,0
0000-01-00 00:00:00,0,0
0000-01-00 00:00:00,0,0
0000-01-00 00:00:00,0,0
0000-01-00 00:00:00,0,0
0000-01-00 00:00:00,0,0
0000-01-00 00:00:00,0,0
0000-01-00 00:00:00,0,0
0000-01-00 00:00:00,0,0
0000-01-00 00:00:00,0,0
0000-01-00 00:00:00,0,0
0000-01-00 00:00:00,0,0
0000-01-00 00:00:00,0,0
0000-01-00 00:00:00,0,0
0000-01-00 00:00:00,0,0
0000-01-00 00:00:00,0,0
0000-01-00 00:00:00,0,0
0000-01-00 00:00:00,0,0
0000-01-00 00:00:00,0,0
0000-01-00 00:00:00,0,0
0000-01-00 00:00:00,0,0
0000-01-00 00:00:00,0,0
0000-01-00 00:00:00,0,0
0000-01-00 00:00:00,0,0
0000-01-00 00:00:00,0,0
0000-01-00 00:00:00,0,0
0000-01-00 00:00:00,0,0
0000-01-00 00:00:00,0,0
0000-01-00 00:00:00,0,0
0000-01-00 00:00:00,0,0
0000-01-00 00:00:00,0,0
0000-01-00 00:00:00,0,0
0000-01-00 00:00:00,0,0
0000-01-00 00:00:00,0,0
0000-01-00 00:00:00,0,0
0000-01-00 00:00:00,0,0
0000-01-00 00:00:00,0,0
0000-01-00 00:00:00,0,0
0000-01-00 00:00:00,0,0
0000-01-00 00:00:00,0,0
0000-01-00 00:00:00,0,0
0000-01-00 00:00:00,0,0
0000-01-00 00:00:00,0,0
0000-01-00 00:00:00,0,0
0000-01-00 00:00:00,0,0
0000-01-00 00:00:00,0,0
0000-01-00 00:00:00,0,0
0000-01-00 00:00:00,0,0
0000-01-00 00:00:00,0,0
0000-01-00 00:00:00,0,0
0000-01-00 00:00:00,0,0
0000-01-00 00:00:00,0,0
0000-01-00 00:00:00,0,0
0000-01-00 00:00:00,0,0
0000-01-00 00:00:00,0,0
0000-01-00 00:00:00,0,0
0000-01-00 00:00:00,0,0
0000-01-00 00:00:00,0,0
0000-01-00 00:00:00,0,0
0000-01-00 00:00:00,0,0
0000-01-00 00:00:00,0,0
0000-01-00 00:00:00,0,0
0000-01-00 00:00:00,0,0
0000-01-00 00:00:00,0,0
0000-01-00 00:00:00,0,0
0000-01-00 00:00:00,0,0
0000-01-00 00:00:00,0,0
0000-01-00 00:00:00,0,0
0000-01-00 00:00:00,0,0
0000-01-00 00:00:00,0,0
0000-01-00 00:00:00,0,0
0000-01-00 00:00:00,0,0
0000-01-00 00:00:00,0,0
0000-01-00 00:00:00,0,0
0000-01-00 00:00:00,0,0
0000-01-00 00:00:00,0,0
0000-01-00 00:00:00,0,0
0000-01-00 00:00:00,0,0
0000-01-00 00:00:00,0,0
0000-01-00 00:00:00,0,0
0000-01-00 00:00:00,0,0
0000-01-00 00:00:00,0,0
0000-01-00 00:00:00,0,0
0000-01-00 00:00:00,0,0
0000-01-00 00:00:00,0,0
0000-01-00 00:00:00,0,0
0000-01-00 00:00:00,0,0
0000-01-00 00:00:00,0,0
0000-01-00 00:00:00,0,0
0000-01-00 00:00:00,0,0
0000-01-00 00:00:00,0,0
0000-01-00 00:00:00,0,0
0000-01-00 00:00:00,0,0
0000-01-00 00:00:00,0,0
0000-01-00 00:00:00,0,0
0000-01-00 00:00:00,0,0
0000-01-00 00:00:00,0,0
0000-01-00 00:00:00,0,0
0000-01-00 00:00:00,0,0
0000-01-00 00:00:00,0,0
0000-01-00 00:00:00,0,0
0000-01-00 00:00:00,0,0
0000-01-00 00:00:00,0,0
0000-01-00 00:00:00,0,0
0000-01-00 00:00:00,0,0
0000-01-00 00:00:00,0,0
0000-01-00 00:00:00,0,0
0000-01-00 00:00:00,0,0
0000-01-00 00:00:00,0,0
0000-01-00 00:00:00,0,0
0000-01-00 00:00:00,0,0
0000-01-00 00:00:00,0,0
0000-01-00 00:00:00,0,0
0000-01-00 00:00:00,0,0
0000-01-00 00:00:00,0,0
0000-01-00 00:00:00,0,0
0000-01-00 00:00:00,0,0
0000-01-00 00:00:00,0,0
0000-01-00 00:00:00,0,0
0000-01-00 00:00:00,0,0
0000-01-00 00:00:00,0,0
0000-01-00 00:00:00,0,0
0000-01-00 00:00:00,0,0
0000-01-00 00:00:00,0,0
0000-01-00 00:00:00,0,0
0000-01-00 00:00:00,0,0
0000-01-00 00:00:00,0,0
0000-01-00 00:00:00,0,0
0000-01-00 00:00:00,0,0
0000-01-00 00:00:00,0,0
0000-01-00 00:00:00,0,0
0000-01-00 00:00:00,0,0
0000-01-00 00:00:00,0,0
0000-01-00 00:00:00,0,0
0000-01-00 00:00:00,0,0
0000-01-00 00:00:00,0,0
0000-01-00 00:00:00,0,0
0000-01-00 00:00:00,0,0
0000-01-00 00:00:00,0,0
0000-01-00 00:00:00,0,0
0000-01-00 00:00:00,0,0
0000-01-00 00:00:00,0,0
0000-01-00 00:00:00,0,0
0000-01-00 00:00:00,0,0
0000-01-00 00:00:00,0,0
0000-01-00 00:00:00,0,0
0000-01-00 00:00:00,0,0
0000-01-00 00:00:00,0,0
0000-01-00 00:00:00,0,0
0000-01-00 00:00:00,0,0
0000-01-00 00:00:00,0,0
0000-01-00 00:00:00,0,0
0000-01-00 00:00:00,0,0
0000-01-00 00:00:00,0,0
0000-01-00 00:00:00,0,0
0000-01-00 00:00:00,0,0
0000-01-00 00:00:00,0,0
0000-01-00 00:00:00,0,0
0000-01-00 00:00:00,0,0
0000-01-00 00:00:00,0,0
0000-01-00 00:00:00,0,0
0000-01-00 00:00:00,0,0
0000-01-00 00:00:00,0,0
0000-01-00 00:00:00,0,0
0000-01-00 00:00:00,0,0
0000-01-00 00:00:00,0,0
0000-01-00 00:00:00,0,0
0000-01-00 00:00:00,0,0
0000-01-00 00:00:00,0,0
0000-01-00 00:00:00,0,0
0000-01-00 00:00:00,0,0
0000-01-00 00:00:00,0,0
0000-01-00 00:00:00,0,0
0000-01-00 00:00:00,0,0
0000-01-00 00:00:00,0,0
0000-01-00 00:00:00,0,0
0000-01-00 00:00:00,0,0
0000-01-00 00:00:00,0,0
0000-01-00 00:00:00,0,0
0000-01-00 00:00:00,0,0
0000-01-00 00:00:00,0,0
0000-01-00 00:00:00,0,0
0000-01-00 00:00:00,0,0
0000-01-00 00:00:00,0,0
0000-01-00 00:00:00,0,0
0000-01-00 00:00:00,0,0
0000-01-00 00:00:00,0,0
0000-01-00 00:00:00,0,0
0000-01-00 00:00:00,0,0
0000-01-00 00:00:00,0,0
0000-01-00 00:00:00,0,0
0000-01-00 00:00:00,0,0
0000-01-00 00:00:00,0,0
0000-01-00 00:00:00,0,0
0000-01-00 00:00:00,0,0
0000-01-00 00:00:00,0,0
0000-01-00 00:00:00,0,0
0000-01-00 00:00:00,0,0
0000-01-00 00:00:00,0,0
0000-01-00 00:00:00,0,0
0000-01-00 00:00:00,0,0
0000-01-00 00:00:00,0,0
0000-01-00 00:00:00,0,0
0000-01-00 00:00:00,0,0
0000-01-00 00:00:00,0,0
0000-01-00 00:00:00,0,0
0000-01-00 00:00:00,0,0
0000-01-00 00:00:00,0,0
0000-01-00 00:00:00,0,0
0000-01-00 00:00:00,0,0
0000-01-00 00:00:00,0,0
0000-01-00 00:00:00,0,0
0000-01-00 00:00:00,0,0
0000-01-00 00:00:00,0,0
0000-01-00 00:00:00,0,0
0000-01-00 00:00:00,0,0
0000-01-00 00:00:00,0,0
0000-01-00 00:00:00,0,0
0000-01-00 00:00:00,0,0
0000-01-00 00:00:00,0,0
0000-01-00 00:00:00,0,0
0000-01-00 00:00:00,0,0
0000-01-00 00:00:00,0,0
0000-01-00 00:00:00,0,0
0000-01-00 00:00:00,0,0
0000-01-00 00:00:00,0,0
0000-01-00 00:00:00,0,0
0000-01-00 00:00:00,0,0
0000-01-00 00:00:00,0,0
0000-01-00 00:00:00,0,0
0000-01-00 00:00:00,0,0
0000-01-00 00:00:00,0,0
0000-01-00 00:00:00,0,0
0000-01-00 00:00:00,0,0
0000-01-00 00:00:00,0,0
0000-01-00 00:00:00,0,0
0000-01-00 00:00:00,0,0
0000-01-00 00:00:00,0,0
0000-01-00 00:00:00,0,0
0000-01-00 00:00:00,0,0
0000-01-00 00:00:00,0,0
0000-01-00 00:00:00,0,0
0000-01-00 00:00:00,0,0
0000-01-00 00:00:00,0,0
0000-01-00 00:00:00,0,0
0000-01-00 00:00:00,0,0
0000-01-00 00:00:00,0,0
0000-01-00 00:00:00,0,0
0000-01-00 00:00:00,0,0
0000-01-00 00:00:00,0,0
0000-01-00 00:00:00,0,0
0000-01-00 00:00:00,0,0
0000-01-00 00:00:00,0,0
0000-01-00 00:00:00,0,0
0000-01-00 00:00:00,0,0
0000-01-00 00:00:00,0,0
0000-01-00 00:00:00,0,0
0000-01-00 00:00:00,0,0
0000-01-00 00:00:00,0,0
0000-01-00 00:00:00,0,0
0000-01-00 00:00:00,0,0
0000-01-00 00:00:00,0,0
0000-01-00 00:00:00,0,0
0000-01-00 00:00:00,0,0
0000-01-00 00:00:00,0,0
0000-01-00 00:00:00,0,0
0000-01-00 00:00:00,0,0
0000-01-00 00:00:00,0,0
0000-01-00 00:00:00,0,0
0000-01-00 00:00:00,0,0
0000-01-00 00:00:00,0,0
0000-01-00 00:00:00,0,0
0000-01-00 00:00:00,0,0
0000-01-00 00:00:00,0,0
0000-01-00 00:00:00,0,0
0000-01-00 00:00:00,0,0
0000-01-00 00:00:00,0,0
0000-01-00 00:00:00,0,0
0000-01-00 00:00:00,0,0
0000-01-00 00:00:00,0,0
2025-05-23 10:10:22,26.75,25.25
2025-05-23 10:10:23,26.75,25.75
2025-05-23 10:10:24,26.75,25.75
2025-05-23 10:10:25,26.75,25.75
2025-05-23 10:10:26,26.75,25.5
2025-05-23 10:10:28,26.75,25.5
2025-05-23 10:10:29,26.75,25.5
2025-05-23 10:10:30,26.75,25.75
2025-05-23 10:10:31,26.75,25.75
2025-05-23 10:10:32,26.75,25.75
2025-05-23 10:10:34,26.75,25.75
2025-05-23 10:10:35,26.75,25.5
2025-05-23 10:10:36,26.75,25.5
2025-05-23 10:10:37,26.75,25.5
2025-05-23 10:10:38,26.75,25.5
